Area,Site,Year,Quad,Zone,Comparison,SiteType,SiteType2,Boulder >25cm(490cm2),Cobble 6.5-25 cm (33.18cm2),Gravel (.2cm - 6.5cm),Sand (.0125cm - .2cm),Mud/silt,Bivalve Shells,Oyster Shell,Sanddollar dead,Gracilaria,Brown Algae,Eelgrass,Ulva,Sargassum,Fuchus,Mastocarpus,Zone,Anthozoa,Amphipoda,Batillariidae,Cerithiidae,Ostreidae,Lottiidae,Littorinidae,Sessilia ,Mytilidae ,Myrrhinidae ,Dendrasteridae ,Strongylocentrotidae,Amphilepidida,Sphaeromatidae ,Neogastropoda,Cardiida,Venerida,Asteriidae,Chitonida,Bryozoa,Haminoeidae ,Polychaeta,Nemertea,Decapod
Baynes,ReidLease,2015,1,High,Aquaculture,Farm,Shellfish Farm,0,0,11.85833454,0,79.32947984,4.785615307,0,0,0,0,0,0,0,0,4.026570319,High,0,40,170,0,0,80,190,590,0,0,0,0,0,0,0,0,0,0,0,0,0,0,0,10
Baynes,ReidLease,2015,2,Mid,Aquaculture,Farm,Shellfish Farm,0,0,90.73361463,0,0,4.073300462,0,0,0,0,2.898632892,2.294452014,0,0,0,Mid,0,0,0,0,0,20,0,50,0,0,0,0,0,0,0,0,0,0,0,0,0,0,0,50
Baynes,ReidLease,2015,3,Low,Aquaculture,Farm,Shellfish Farm,0,0,98.18511487,1.124343962,0,0.524830044,2.729444436,0,0,0,0,0.165711126,0,0,0,Low,0,0,0,0,2,0,0,160,0,0,0,0,0,0,0,0,0,0,0,0,0,0,0,10
Baynes,ReidLease,2015,4,High,Aquaculture,Farm,Shellfish Farm,0,0,90.95490179,0,6.600793229,1.383249344,0,0,0,0,0,0,0,0,1.061055634,High,0,0,10,0,0,0,70,1100,0,0,0,0,0,0,10,0,0,0,0,0,0,0,0,0
Baynes,ReidLease,2015,5,Mid,Aquaculture,Farm,Shellfish Farm,0,0,92.4252222,1.604030904,0,2.967358053,0,0,3.003388842,0,0,0,0,0,0,Mid,0,0,0,0,0,100,0,210,0,0,0,0,0,0,0,0,0,0,0,0,0,0,0,40
Baynes,ReidLease,2015,6,Low,Aquaculture,Farm,Shellfish Farm,0,0,59.44382333,0,0,2.376317694,28.08691458,0,0,0,1.890285601,8.202658797,0,0,0,Low,0,0,0,0,21,250,0,120,0,0,0,0,0,0,0,0,0,0,0,0,0,0,0,30
Baynes,ReidLease,2015,7,High,Aquaculture,Farm,Shellfish Farm,0,0,82.24154156,0,0,3.943356578,0,0,0,11.66332235,2.151779511,0,0,0,0,High,0,0,210,0,0,0,0,0,0,0,0,0,0,0,0,0,0,0,0,0,0,0,0,60
Baynes,ReidLease,2015,8,Mid,Aquaculture,Farm,Shellfish Farm,0,0,86.86907561,3.996851799,0,4.286539545,4.847533049,0,0,0,0,0,0,0,0,Mid,0,0,0,0,0,0,0,60,0,0,0,0,0,0,10,0,0,0,0,0,0,0,0,60
Baynes,ReidLease,2015,9,Low,Aquaculture,Farm,Shellfish Farm,0,0,76.31244136,0,0,6.353187541,15.68493439,0,0,0,0,1.649436708,0,0,0,Low,0,0,0,0,11,340,0,1180,0,0,0,0,0,0,0,0,10,0,0,0,0,0,0,20
Baynes,ReidLease,2015,10,High,Aquaculture,Farm,Shellfish Farm,0,0,83.70224941,0,15.39129038,0.906460214,0,0,0,0,0,0,0,0,0,High,0,0,50,0,0,10,10,160,0,0,0,0,0,0,0,0,0,0,0,0,0,0,0,0
Baynes,ReidLease,2015,11,Mid,Aquaculture,Farm,Shellfish Farm,0,0,82.37331382,0,0,13.10096579,0,0,0,0,0,0,0,0,4.525720393,Mid,0,50,10,0,0,130,10,1840,10,0,0,0,0,0,0,0,0,0,0,0,0,0,0,40
Baynes,ReidLease,2015,12,Low,Aquaculture,Farm,Shellfish Farm,0,0,87.51606975,0,0,8.395539441,3.938084326,0,0,0,0,0.150306479,0,0,0,Low,0,0,0,0,0,0,0,20,0,0,0,0,0,0,0,0,0,0,0,0,0,0,0,20
Baynes,ReidLease,2015,13,High,Aquaculture,Farm,Shellfish Farm,0,0,77.43991768,18.50184288,0,1.204578112,2.853661328,0,0,0,0,0,0,0,0,High,0,0,200,0,2,10,100,10,0,0,0,0,0,0,0,0,0,0,0,0,0,0,0,20
Baynes,ReidLease,2015,14,Mid,Aquaculture,Farm,Shellfish Farm,0,0,83.35534518,5.625108322,0,5.975099046,0,0,0,0,0,0,0,0,5.044447448,Mid,0,180,0,0,0,90,250,810,0,0,0,0,0,0,0,0,0,0,0,0,0,0,0,270
Baynes,ReidLease,2015,15,Low,Aquaculture,Farm,Shellfish Farm,0,0,97.76780027,0,0,2.232199725,0,0,0,0,0,0,0,0,0,Low,0,0,0,0,0,0,0,0,0,0,0,0,0,0,0,0,10,0,0,0,0,0,0,70
Baynes,TaylorLease,2015,1,High,Aquaculture,Farm,Shellfish Farm,0,0,97.81199921,0,0,2.188000787,0,0,0,0,0,0,0,0,0,High,0,0,0,0,0,0,160,880,0,0,0,0,0,0,0,0,0,0,0,0,0,0,0,0
Baynes,TaylorLease,2015,2,Mid,Aquaculture,Farm,Shellfish Farm,0,0,20,65,0,15,0,0,0,0,0,0,0,0,0,Mid,0,0,0,0,0,0,0,130,0,0,0,0,0,0,0,0,0,0,0,0,0,0,0,60
Baynes,TaylorLease,2015,3,Low,Aquaculture,Farm,Shellfish Farm,0,0,6.328592483,0,56.78167151,0,5.647479865,0,0,0,0,31.24225614,0,0,0,Low,0,10,0,0,3,0,0,80,0,0,0,0,0,0,0,0,0,0,0,0,0,0,0,40
Baynes,TaylorLease,2015,4,High,Aquaculture,Farm,Shellfish Farm,0,0,88.05429086,0.952126511,0,5.445051488,0,0,0,0,0,0,0,0,5.548531143,High,0,10,20,0,0,0,200,30,11,0,0,0,0,0,0,0,0,0,0,0,0,0,0,10
Baynes,TaylorLease,2015,5,Mid,Aquaculture,Farm,Shellfish Farm,0,0,46.68802727,0.833827191,0,3.696827715,48.78131782,0,0,0,0,0,0,0,0,Mid,0,0,0,0,20,220,10,2130,0,0,0,0,0,0,0,0,0,0,0,0,0,0,0,200
Baynes,TaylorLease,2015,6,Low,Aquaculture,Farm,Shellfish Farm,0,0,43.82721009,0,3.567048055,0.290019601,52.02979809,0,0,0,0,0.285924163,0,0,0,Low,1,0,0,0,0,70,10,60,0,0,0,0,0,0,0,0,0,0,0,0,0,0,0,20
Baynes,TaylorLease,2015,7,High,Aquaculture,Farm,Shellfish Farm,0,0,91.14794916,0,4.984080224,3.867970614,0,0,0,0,0,0,0,0,0,High,0,0,110,0,0,0,40,680,0,0,0,0,0,0,0,0,0,0,0,0,0,0,0,40
Baynes,TaylorLease,2015,8,Mid,Aquaculture,Farm,Shellfish Farm,0,0,97.36664025,0.443806008,0,2.189553739,0,0,0,0,0,0,0,0,0,Mid,0,0,20,0,0,0,0,110,0,0,0,0,0,0,0,0,0,0,0,0,0,0,0,30
Baynes,TaylorLease,2015,9,Low,Aquaculture,Farm,Shellfish Farm,0,0,0,0,0,0,0,0,0,0,0,0,0,0,0,Low,0,30,0,0,0,20,0,1150,0,0,0,0,0,0,0,0,0,0,0,0,0,0,0,140
Baynes,TaylorLease,2015,10,High,Aquaculture,Farm,Shellfish Farm,0,0,94.96832569,3.345181712,0,1.686492596,0,0,0,0,0,0,0,0,0,High,0,0,90,0,0,0,60,310,0,0,0,0,0,0,0,0,0,0,0,0,0,0,0,30
Baynes,TaylorLease,2015,11,Mid,Aquaculture,Farm,Shellfish Farm,0,0,93.20710282,0,1.157150529,4.854759185,0,0,0,0,0,0.585328641,0,0,0.195658822,Mid,0,0,0,0,0,60,40,1490,0,0,0,0,0,0,0,0,0,0,0,0,0,0,0,90
Baynes,TaylorLease,2015,12,Low,Aquaculture,Farm,Shellfish Farm,0,0,0,0,0,0,0,0,0,0,0,0,0,0,0,Low,0,10,0,0,0,480,0,1620,0,0,0,0,0,0,0,0,0,0,0,0,0,0,0,80
Baynes,TaylorLease,2015,13,High,Aquaculture,Farm,Shellfish Farm,0,0,95.93687511,0,0,3.750722842,0,0,0.312402049,0,0,0,0,0,0,High,0,0,20,0,0,10,130,770,0,0,0,0,0,0,0,0,0,0,0,0,0,0,0,30
Baynes,TaylorLease,2015,14,Mid,Aquaculture,Farm,Shellfish Farm,0,0,87.57484559,4.363953992,0,2.568158565,0,0,0,0,0,5.493041848,0,0,0,Mid,0,0,20,0,0,0,0,430,0,0,0,0,0,0,0,0,0,0,0,0,0,0,0,30
Baynes,TaylorLease,2015,15,Low,Aquaculture,Farm,Shellfish Farm,0,1.364476431,53.1769112,0,17.39030701,4.236823795,21.83673247,0,0,0,0,1.168246652,0,0,0.826502435,Low,0,10,0,0,0,80,0,640,0,0,0,0,0,0,0,0,0,0,10,0,0,0,0,220
Baynes,TRAN,2015,1,High,Aquaculture,Farm,Shellfish Farm,0,0,82.8179803,0,0,14.82729058,2.354729122,0,0,0,0,0,0,0,0,High,0,0,20,0,0,0,0,10,0,0,0,0,0,0,0,0,0,0,0,0,0,0,0,10
Baynes,TRAN,2015,2,Mid,Aquaculture,Farm,Shellfish Farm,0,0,4.358386503,3.895098241,0,72.05064922,19.69586603,0,0,0,0,0,0,0,0,Mid,0,0,0,0,2,10,0,1130,0,0,0,0,0,0,0,0,0,0,0,0,0,0,0,20
Baynes,TRAN,2015,4,High,Aquaculture,Farm,Shellfish Farm,0,2.165665362,78.21654701,4.031922874,0,14.18921778,1.396646977,0,0,0,0,0,0,0,0,High,0,10,0,0,343,20,60,1680,10,0,0,0,0,0,0,0,0,0,0,0,0,0,0,400
Baynes,TRAN,2015,5,Mid,Aquaculture,Farm,Shellfish Farm,0,0,2.995521446,0,0,71.65564879,25.34882976,0,0,0,0,0,0,0,0,Mid,0,0,0,0,0,10,10,3240,0,0,0,0,0,0,0,0,0,0,0,0,0,0,0,60
Baynes,TRAN,2015,6,Low,Aquaculture,Farm,Shellfish Farm,0,0,34.51981909,0,0,63.07594312,0,0,0,0,0.598613737,0,0,1.805624047,0,Low,0,0,0,0,0,0,0,900,0,0,0,0,0,0,0,0,0,0,0,0,0,0,0,0
Baynes,TRAN,2015,7,High,Aquaculture,Farm,Shellfish Farm,0,13.21354675,67.06696356,0,0,19.71948969,0,0,0,0,0,0,0,0,0,High,0,0,0,0,0,20,460,760,10,0,0,0,0,0,0,0,0,0,0,0,0,0,0,70
Baynes,TRAN,2015,8,Mid,Aquaculture,Farm,Shellfish Farm,0,0,54.71844997,0,0,4.08063659,16.52136603,0,24.67954742,0,0,0,0,0,0,Mid,0,0,40,0,0,0,0,150,0,0,0,0,0,0,0,0,0,0,0,0,0,0,0,40
Baynes,TRAN,2015,9,Low,Aquaculture,Farm,Shellfish Farm,0,0,2.903551582,0,0,96.90795972,0,0,0,0,0,0.188488697,0,0,0,Low,0,0,0,0,0,0,0,380,0,0,0,0,0,0,0,0,0,0,0,0,0,0,0,10
Baynes,TRAN,2015,10,High,Aquaculture,Farm,Shellfish Farm,0,0,97.17246445,0,0,1.682683276,1.14485227,0,0,0,0,0,0,0,0,High,0,0,30,0,0,110,30,570,0,0,0,0,0,0,0,0,0,0,0,0,0,0,0,240
Baynes,TRAN,2015,11,Mid,Aquaculture,Farm,Shellfish Farm,0,0,77.1798577,6.013486996,0,15.37163364,1.435021661,0,0,0,0,0,0,0,0,Mid,0,0,20,0,0,0,0,770,0,0,0,0,0,0,0,0,0,0,0,0,0,0,0,70
Baynes,TRAN,2015,12,Low,Aquaculture,Farm,Shellfish Farm,0,3.468430582,0.754499609,58.54591551,0,37.2311543,0,0,0,0,0,0,0,0,0,Low,0,0,0,0,0,0,0,0,0,0,0,0,0,0,0,0,0,0,0,0,0,0,0,0
Baynes,TRAN,2015,13,High,Aquaculture,Farm,Shellfish Farm,0,0,74.98246831,5.053639504,0,2.169801233,13.37028665,0,4.287989675,0,0,0,0,0,0.135814627,High,0,10,20,0,0,10,70,330,0,0,0,0,0,0,0,0,0,0,0,0,0,0,0,20
Baynes,TRAN,2015,14,Mid,Aquaculture,Farm,Shellfish Farm,0,0,85.08111156,0,0,9.905468061,5.013420381,0,0,0,0,0,0,0,0,Mid,0,0,40,0,0,0,0,210,0,0,0,0,0,0,0,0,0,0,0,0,0,0,0,60
Baynes,TRAN,2015,15,Low,Aquaculture,Farm,Shellfish Farm,0,0,0,64.24718361,0,12.78605679,13.83225861,0,0,0,0,8.813676014,0,0.320824972,0,Low,0,0,0,0,0,0,0,60,0,0,0,0,0,0,0,0,0,0,0,0,0,0,0,50
Quadra,FAB,2015,2,Mid,Aquaculture,Farm,Shellfish Farm,0,0,2.42799135,0,67.01871385,12.42285643,17.87944098,0,0,0,0,0,0,0.250997399,0,Mid,0,0,0,0,20,0,0,90,0,0,0,0,0,0,0,0,0,0,0,0,0,0,0,0
Quadra,FAB,2015,3,Low,Aquaculture,Farm,Shellfish Farm,0,0,0.653376619,67.39737022,0,5.754408106,3.414784002,0,1.584510258,0,0,21.1955508,0,0,0,Low,0,0,0,0,0,10,10,0,0,0,0,0,0,0,0,0,0,0,0,0,0,0,0,20
Quadra,FAB,2015,5,Mid,Aquaculture,Farm,Shellfish Farm,0,0,73.67120604,1.348165507,0,3.576246249,19.3205685,0,0,0,0,0,0,0,2.083813701,Mid,0,0,10,0,20,0,0,360,0,0,0,10,0,0,0,0,0,0,0,0,0,0,0,20
Quadra,FAB,2015,6,Low,Aquaculture,Farm,Shellfish Farm,0,0,1.504037462,79.2869774,0,3.076240364,11.46784201,0,0,0,0,4.664902758,0,0,0,Low,0,0,0,0,2,0,0,0,3,0,0,0,0,0,0,0,0,0,0,0,0,0,0,20
Quadra,FAB,2015,7,High,Aquaculture,Farm,Shellfish Farm,0,0,90.22354921,0,0,9.205349705,0,0,0,0,0,0,0,0,0.571101085,High,0,0,0,0,0,30,940,6850,0,0,0,0,0,0,0,0,0,0,0,0,0,0,0,170
Quadra,FAB,2015,8,Mid,Aquaculture,Farm,Shellfish Farm,0,0,80.45292367,2.62070506,0,16.72801174,0,0,0,0,0,0,0,0.198359527,0,Mid,0,0,0,0,0,30,120,830,0,0,0,0,0,0,0,0,0,0,0,0,0,0,0,20
Quadra,FAB,2015,9,Low,Aquaculture,Farm,Shellfish Farm,0,0,6.226312801,0,63.26005152,8.303247476,19.36414955,0,0,0,0,2.846238653,0,0,0,Low,0,0,0,0,20,10,0,540,0,0,0,10,0,0,0,0,0,0,0,0,0,0,0,10
Quadra,FAB,2015,10,High,Aquaculture,Farm,Shellfish Farm,0,5.107278387,90.07196514,0,0,4.820756472,0,0,0,0,0,0,0,0,0,High,0,0,0,0,0,0,80,690,0,0,0,0,0,0,0,0,0,0,0,0,0,0,0,10
Quadra,FAB,2015,11,Mid,Aquaculture,Farm,Shellfish Farm,0,0,2.01006435,6.306322902,87.3326015,3.417664857,0,0,0.933346389,0,0,0,0,0,0,Mid,0,0,0,0,0,20,10,0,0,0,0,0,0,0,0,0,0,0,0,0,0,0,0,40
Quadra,FAB,2015,12,Low,Aquaculture,Farm,Shellfish Farm,0,0,1.506837615,0,0,39.55932376,58.93383862,0,0,0,0,0,0,0,0,Low,0,0,0,0,0,0,0,1420,0,0,0,0,0,0,0,0,0,0,0,0,0,0,0,30
Quadra,FAB,2015,13,High,Aquaculture,Farm,Shellfish Farm,0,8.391989682,78.56144225,0,0,3.560483553,9.486084511,0,0,0,0,0,0,0,0,High,0,0,0,0,560,0,550,910,0,0,0,0,0,0,0,0,0,0,0,0,0,0,0,220
Quadra,FAB,2015,14,Mid,Aquaculture,Farm,Shellfish Farm,0,0,2.057076048,66.17114625,19.47290745,7.842475307,0,0,4.456394943,0,0,0,0,0,0,Mid,0,0,0,0,0,0,0,0,0,0,0,0,0,0,0,0,0,0,0,0,0,0,0,1
Quadra,FAB,2015,15,Low,Aquaculture,Farm,Shellfish Farm,0,22.658174,9.967366987,0,0,59.84607906,0,0,0,0,0,7.528379949,0,0,0,Low,0,0,0,0,0,0,0,1480,0,0,0,0,0,0,0,0,0,0,0,0,0,10,0,30
Quadra,LHB,2015,1,High,Aquaculture,Farm,Shellfish Farm,0,0,100,0,0,0,0,0,0,0,0,0,0,0,0,High,0,190,0,0,0,0,0,0,0,0,0,0,0,0,0,0,0,0,0,0,0,0,0,0
Quadra,LHB,2015,2,Mid,Aquaculture,Farm,Shellfish Farm,0,0,1.747171888,0,96.23473576,2.018092349,0,0,0,0,0,0,0,0,0,Mid,0,0,0,0,1,0,0,82,0,0,0,0,0,0,0,0,0,0,0,0,0,0,0,0
Quadra,LHB,2015,4,High,Aquaculture,Farm,Shellfish Farm,0,0,1.430055225,0,98.26813646,0,0,0,0,0.301808315,0,0,0,0,0,High,0,0,0,0,0,0,0,0,0,0,0,0,0,0,0,0,0,0,0,0,0,0,0,0
Quadra,LHB,2015,5,Mid,Aquaculture,Farm,Shellfish Farm,0,1.140112561,36.46878124,0,50.7693549,9.221730535,0,0,0,0,0,1.985606566,0.414414195,0,0,Mid,0,0,0,0,0,0,0,0,0,0,0,0,0,0,0,0,0,0,0,0,0,0,0,10
Quadra,LHB,2015,6,Low,Aquaculture,Farm,Shellfish Farm,0,0,37.36246353,0,32.84121756,6.959992293,12.32985723,0,0,0,0,10.50646939,0,0,0,Low,0,0,10,0,0,0,10,10,0,0,0,0,0,0,0,0,0,0,0,0,0,0,0,0
Quadra,LHB,2015,7,High,Aquaculture,Farm,Shellfish Farm,0,4.838806034,94.64640322,0,0,0,0,0,0,0,0,0.51479075,0,0,0,High,0,0,0,0,0,30,100,1060,0,0,0,0,0,0,0,0,0,0,0,0,0,0,0,130
Quadra,LHB,2015,9,Low,Aquaculture,Farm,Shellfish Farm,0,0,3.137607772,0,73.27671297,5.161408863,0,0,0,0,0,18.42427039,0,0,0,Low,0,0,0,0,0,0,0,0,0,0,0,0,0,0,0,0,0,0,0,0,0,0,0,10
Quadra,LHB,2015,10,High,Aquaculture,Farm,Shellfish Farm,0,1.157673216,98.37266838,0,0,0.469658406,0,0,0,0,0,0,0,0,0,High,0,0,0,0,0,0,0,140,0,0,0,0,0,0,0,0,0,0,0,0,0,0,0,0
Quadra,LHB,2015,11,Mid,Aquaculture,Farm,Shellfish Farm,0,0,60.57375845,0,26.61003647,2.401791402,0,0,7.502768395,0,0,2.911645285,0,0,0,Mid,0,0,0,0,0,10,0,1130,10,0,0,0,0,0,0,0,0,0,0,0,0,0,0,70
Quadra,LHB,2015,12,Low,Aquaculture,Farm,Shellfish Farm,0,0,3.347412155,0,89.67957904,2.703356033,0,0,0,0,0,0,4.269652769,0,0,Low,0,0,0,0,0,0,0,0,0,0,0,0,0,0,0,0,0,0,0,0,0,0,0,0
Quadra,LHB,2015,14,Mid,Aquaculture,Farm,Shellfish Farm,0,7.7219501,63.54213094,0,25.89277891,1.933094833,0,0,0,0,0,0,0,0,0.910045219,Mid,0,0,460,0,0,90,770,4370,50,0,0,0,0,0,0,0,0,0,0,0,0,0,0,220
Quadra,LHB,2015,15,Low,Aquaculture,Farm,Shellfish Farm,0,0,2.106421662,0,46.65557576,8.76139308,0,0,0,0,0,42.4766095,0,0,0,Low,0,0,0,0,0,0,0,0,0,0,210,0,0,0,0,0,0,0,0,0,0,0,0,0
Quadra,SMB,2015,2,Mid,Aquaculture,Farm,Shellfish Farm,0,0,1.198055996,0,74.57165431,14.38376935,9.846520346,0,0,0,0,0,0,0,0,Mid,0,0,0,0,0,10,230,420,0,0,0,0,0,0,0,0,0,0,0,0,0,0,0,60
Quadra,SMB,2015,3,Low,Aquaculture,Farm,Shellfish Farm,0,0,43.55955041,0,53.03841216,3.402037424,0,0,0,0,0,0,0,0,0,Low,0,0,0,0,0,0,0,240,30,0,0,0,0,0,0,0,0,0,0,0,0,0,0,140
Quadra,SMB,2015,4,High,Aquaculture,Farm,Shellfish Farm,0,0,37.7605209,0,47.53107988,1.704909571,0,0,0,0,0,0,0,0,13.00348965,High,0,0,0,0,0,10,760,200,0,0,0,0,0,0,0,0,0,0,0,0,0,0,0,60
Quadra,SMB,2015,5,Mid,Aquaculture,Farm,Shellfish Farm,0,0,53.79159519,0,26.88083766,4.168475693,15.15909146,0,0,0,0,0,0,0,0,Mid,0,0,0,0,10,30,10,950,20,0,0,0,0,0,0,0,0,0,0,0,0,0,0,60
Quadra,SMB,2015,6,Low,Aquaculture,Farm,Shellfish Farm,0,0,9.645348105,0,65.62725861,4.251055917,13.72371874,0,0,0,0,6.752618631,0,0,0,Low,0,0,0,0,10,20,0,1080,20,0,0,0,0,0,0,0,0,0,0,0,0,0,0,20
Quadra,SMB,2015,7,High,Aquaculture,Farm,Shellfish Farm,0,0,1.442266904,0,95.70932666,2.848406436,0,0,0,0,0,0,0,0,0,High,0,0,0,0,1,10,200,300,0,0,0,0,0,0,0,0,0,0,0,0,0,0,0,10
Quadra,SMB,2015,8,Mid,Aquaculture,Farm,Shellfish Farm,0,0,49.58982808,0,42.5650373,7.845134626,0,0,0,0,0,0,0,0,0,Mid,0,0,0,0,0,0,20,170,0,0,0,0,0,0,0,0,0,0,0,0,0,0,0,160
Quadra,SMB,2015,9,Low,Aquaculture,Farm,Shellfish Farm,0,0,0.470457633,0,45.83422514,1.979427688,0,0,0,0,0,51.71588954,0,0,0,Low,0,0,0,0,0,0,0,0,0,0,0,0,0,0,2,0,0,0,0,0,0,0,0,0
Quadra,SMB,2015,10,High,Aquaculture,Farm,Shellfish Farm,0,0,70.37139114,0,25.10848465,1.736664541,0,0,0,0,0,0,0,0,2.783459663,High,0,0,0,0,0,80,850,1180,0,0,0,0,0,0,0,0,0,0,0,0,0,0,0,50
Quadra,SMB,2015,11,Mid,Aquaculture,Farm,Shellfish Farm,0,0,0,0,96.28898713,3.711012869,0,0,0,0,0,0,0,0,0,Mid,0,0,0,0,0,0,0,0,0,0,0,0,0,0,0,0,0,0,0,0,0,0,0,0
Quadra,SMB,2015,12,Low,Aquaculture,Farm,Shellfish Farm,0,0,0,0,31.70393813,3.793742622,5.149662748,0,0,0,0,59.3526565,0,0,0,Low,0,0,1,0,0,0,0,10,0,0,0,0,0,0,0,0,0,0,0,0,0,0,0,1
Quadra,SMB,2015,14,Mid,Aquaculture,Farm,Shellfish Farm,0,2.574018807,0,0,95.77651133,1.649469862,0,0,0,0,0,0,0,0,0,Mid,0,0,0,0,1,1,2,143,0,0,0,0,0,0,0,0,0,0,0,0,0,0,0,0
Quadra,SMB,2015,15,Low,Aquaculture,Farm,Shellfish Farm,0,0,0,0,90.63200712,6.252859123,2.379880498,0,0,0,0,0.735253257,0,0,0,Low,0,0,0,0,0,0,0,580,0,0,0,0,0,0,0,0,0,0,0,0,0,0,0,0
Baynes,ReidLease,2016,1,Mid,Aquaculture,Farm,Shellfish Farm,0,0,85.75599377,1.98971742,0,8.325491227,3.928797586,0,0,0,0,0,0,0,0,Mid,0,80,0,0,0,350,10,1920,0,0,0,0,0,0,0,0,20,0,0,0,0,0,0,50
Baynes,ReidLease,2016,2,Mid,Aquaculture,Farm,Shellfish Farm,0,0,4.311339494,0.685247457,0,4.187351212,0,0,0,0,0,0,0,65.81606184,25,Mid,0,340,60,0,0,250,1020,400,20,0,0,0,0,0,10,0,10,0,0,0,0,0,0,230
Baynes,ReidLease,2016,3,Mid,Aquaculture,Farm,Shellfish Farm,0,0,83.28856444,2.078678017,0,4.065482484,7.89761653,0,2.669658526,0,0,0,0,0,0,Mid,0,0,0,0,10,150,0,680,0,0,0,0,0,0,10,0,0,0,0,0,0,0,0,20
Baynes,ReidLease,2016,4,Mid,Aquaculture,Farm,Shellfish Farm,0,0,5.913934211,0,0,2.697782171,0,0,8.710005316,0,0,0,0,0,82.6782783,Mid,0,70,40,0,0,690,50,380,10,0,0,0,0,0,0,0,0,0,0,0,0,0,0,390
Baynes,ReidLease,2016,5,Mid,Aquaculture,Farm,Shellfish Farm,0,0,0,0,0,0.519611735,0,0,0,0,0,0,0,0,99.48038827,Mid,0,20,10,0,0,640,60,430,0,0,0,0,0,0,0,0,40,0,0,0,0,0,0,290
Baynes,TaylorLease,2016,1,Mid,Aquaculture,Farm,Shellfish Farm,0,0,83.45572065,2.243454263,0,3.647526528,2.73105663,0,5.087751055,0,0,2.834490869,0,0,0,Mid,0,20,0,0,0,780,0,1350,0,0,0,0,0,0,0,0,0,0,0,0,0,0,0,30
Baynes,TaylorLease,2016,2,Mid,Aquaculture,Farm,Shellfish Farm,0,0,24.14057579,0,0,4.095111163,22.22932173,0,3.769956096,0,0,44.11644677,0,0,1.648588447,Mid,0,70,0,0,90,580,0,4510,10,0,0,0,0,0,20,0,0,10,0,0,0,0,0,220
Baynes,TaylorLease,2016,3,Mid,Aquaculture,Farm,Shellfish Farm,0,0,73.67780203,2.559641515,0,12.80745542,0,0,0,0,0,0,0,0,10.95510104,Mid,0,140,10,0,0,70,30,80,0,0,0,0,0,0,0,0,10,0,0,0,0,0,0,110
Baynes,TaylorLease,2016,4,Mid,Aquaculture,Farm,Shellfish Farm,0,0,73.87355965,0,0,3.561684112,0,0,0,0,0,15.57922212,0,0,6.985534111,Mid,0,250,0,0,0,60,0,420,0,0,0,0,0,0,0,0,0,0,0,0,0,0,0,80
Baynes,TaylorLease,2016,5,Mid,Aquaculture,Farm,Shellfish Farm,0,0,46.70471234,0,0,3.721221704,0,0,0,0,0,48.83577261,0,0,0.738293346,Mid,0,110,10,0,0,50,0,110,0,0,0,0,0,0,0,0,0,0,0,0,0,0,0,140
Baynes,TRAN,2016,1,Mid,Aquaculture,Farm,Shellfish Farm,0,0,2.693495061,0,0,87.58523498,9.721269957,0,0,0,0,0,0,0,0,Mid,0,0,0,0,0,30,230,1460,0,0,0,0,0,0,0,0,0,0,0,0,0,0,0,190
Baynes,TRAN,2016,3,Mid,Aquaculture,Farm,Shellfish Farm,0,0,1.763776007,0,0,2.183049407,0,0,96.05317459,0,0,0,0,0,0,Mid,0,0,40,0,0,220,60,150,0,0,0,0,0,0,10,0,0,0,0,0,0,0,0,250
Baynes,TRAN,2016,4,Mid,Aquaculture,Farm,Shellfish Farm,0,2.982077033,0.972772639,0,0,59.31901936,36.72613096,0,0,0,0,0,0,0,0,Mid,0,30,0,0,150,620,250,1770,0,0,0,0,0,0,0,0,10,0,0,0,0,0,0,1050
Baynes,TRAN,2016,5,Mid,Aquaculture,Farm,Shellfish Farm,0,0,1.656616273,0,0,62.94765538,35.39572835,0,0,0,0,0,0,0,0,Mid,0,10,0,0,110,350,40,1520,0,0,0,0,0,0,0,0,0,0,0,0,0,0,0,190
Quadra,FAB,2016,1,Mid,Aquaculture,Farm,Shellfish Farm,0,0,16.48299689,0,0,4.08195373,79.43504938,0,0,0,0,0,0,0,0,Mid,0,0,20,0,33,400,570,4600,10,0,0,0,0,0,0,0,0,0,0,0,0,0,0,280
Quadra,FAB,2016,2,Mid,Aquaculture,Farm,Shellfish Farm,0,0,76.69342275,0,0,19.40506061,3.901516648,0,0,0,0,0,0,0,0,Mid,0,0,0,0,0,150,80,5030,0,0,0,0,0,0,0,0,0,0,0,0,0,0,0,270
Quadra,FAB,2016,3,Mid,Aquaculture,Farm,Shellfish Farm,0,0,0,0,0,0,0,0,0,0,0,46.84963362,0,0,0,Mid,0,0,0,0,0,30,0,4250,0,0,0,0,0,0,0,0,0,0,0,0,0,0,0,30
Quadra,FAB,2016,4,Mid,Aquaculture,Farm,Shellfish Farm,0,0,90.34210234,0,0,9.657897658,0,0,0,0,0,0,0,0,0,Mid,0,0,0,0,0,0,110,24180,30,0,0,0,0,0,0,0,0,0,0,0,0,0,0,200
Quadra,FAB,2016,5,Mid,Aquaculture,Farm,Shellfish Farm,0,0,85.96093978,0,0,5.877571293,8.161488922,0,0,0,0,0,0,0,0,Mid,0,0,0,0,6,80,0,5850,0,0,0,0,0,0,0,0,0,0,0,0,0,0,0,140
Quadra,LHB,2016,1,Mid,Aquaculture,Farm,Shellfish Farm,0,1.476060271,89.06002654,0,0,3.971433161,5.492480031,0,0,0,0,0,0,0,0,Mid,0,0,0,0,3,40,100,7750,0,0,0,0,0,0,0,0,0,0,0,0,0,0,0,20
Quadra,LHB,2016,2,Mid,Aquaculture,Farm,Shellfish Farm,0,0,0,79.48111426,0,2.388510258,18.13037548,0,0,0,0,0,0,0,0,Mid,0,0,0,0,0,10,0,3170,10,0,0,0,0,0,0,0,0,0,0,0,0,0,0,20
Quadra,LHB,2016,3,Mid,Aquaculture,Farm,Shellfish Farm,0,0,9.395546528,0,60.11032286,2.752854559,25.13861496,0,0,0,0,2.602661093,0,0,0,Mid,0,0,0,0,60,10,20,7110,0,0,0,0,0,0,0,0,0,0,0,0,0,0,0,20
Quadra,LHB,2016,5,Mid,Aquaculture,Farm,Shellfish Farm,0,0,2.196063293,0,58.12925724,4.580787728,0,0,0,0,0,35.09389174,0,0,0,Mid,0,0,0,0,0,0,0,0,0,0,5,0,0,0,0,0,0,0,0,0,0,0,0,0
Quadra,SMB,2016,1,Mid,Aquaculture,Farm,Shellfish Farm,0,0,33.26322107,0,63.66253858,1.196514156,1.877726194,0,0,0,0,0,0,0,0,Mid,0,0,0,0,0,10,10,6020,0,0,0,0,0,0,0,0,0,0,0,0,0,0,0,20
Quadra,SMB,2016,2,Mid,Aquaculture,Farm,Shellfish Farm,0,0,26.85970917,0,62.26399569,1.190477765,9.685817371,0,0,0,0,0,0,0,0,Mid,0,0,0,0,11,10,0,2820,10,0,0,0,0,0,0,0,0,0,0,0,0,0,0,40
Quadra,SMB,2016,3,Mid,Aquaculture,Farm,Shellfish Farm,0,0,2.935930836,0,59.34561062,1.868905329,0,0,0,0,0,35.84955322,0,0,0,Mid,0,0,0,0,0,10,0,8770,0,0,0,0,0,0,0,0,0,0,0,0,0,0,0,0
Quadra,SMB,2016,4,Mid,Aquaculture,Farm,Shellfish Farm,0,0,0.916767842,0,96.91086189,0.965509201,1.206861062,0,0,0,0,0,0,0,0,Mid,0,0,0,0,1,0,0,0,0,0,0,0,0,0,0,0,0,0,0,0,0,0,0,0
Quadra,SMB,2016,5,Mid,Aquaculture,Farm,Shellfish Farm,0,0,1.250758956,0,68.81173829,2.462934131,0,0,0,0,0,27.47456862,0,0,0,Mid,0,0,0,0,20,10,0,10,0,0,0,0,0,0,0,0,0,0,0,0,0,0,0,10
Baynes,DBR,2015,1,High,Aquaculture,Reference,Farm Reference,0,0,0.681807981,0,97.84483248,0.914854235,0,0,0.212917135,0,0,0.345588168,0,0,0,High,0,0,110,0,0,20,0,10,0,0,0,0,0,0,0,0,0,0,0,0,0,0,0,10
Baynes,DBR,2015,2,Mid,Aquaculture,Reference,Farm Reference,0,0,18.51150059,0,78.11785879,1.150275679,0,0,1.610010397,0,0,0.610354541,0,0,0,Mid,0,0,170,0,0,0,0,30,0,0,0,0,0,0,0,0,0,0,0,0,0,0,0,10
Baynes,DBR,2015,3,Low,Aquaculture,Reference,Farm Reference,0,0,20.60698356,0,65.92710068,4.158662746,0,3.875523465,0,0,0,5.431729556,0,0,0,Low,0,0,20,0,0,0,0,130,0,0,0,0,0,0,0,0,0,0,0,0,0,0,0,50
Baynes,DBR,2015,4,High,Aquaculture,Reference,Farm Reference,0,0,11.62610213,0,85.47909154,2.894806331,0,0,0,0,0,0,0,0,0,High,0,0,150,0,0,10,20,330,0,0,0,0,0,0,0,0,0,0,0,0,0,0,0,60
Baynes,DBR,2015,5,Mid,Aquaculture,Reference,Farm Reference,0,0,15.7897293,0,41.46778456,1.842448443,0,0,0,0,0,40.9000377,0,0,0,Mid,0,0,50,0,0,0,0,90,0,0,0,0,0,0,0,0,0,0,0,0,0,10,0,50
Baynes,DBR,2015,6,Low,Aquaculture,Reference,Farm Reference,0,0,3.871061568,0,23.5349657,2.27713108,0,1.90526771,6.886856732,0,0,61.52471721,0,0,0,Low,0,10,90,0,0,20,0,50,0,0,0,0,0,0,0,0,0,0,0,0,0,0,0,40
Baynes,DBR,2015,7,High,Aquaculture,Reference,Farm Reference,0,0,6.130538211,0,85.30065943,1.573891677,0,0,3.722897032,0,0,3.272013647,0,0,0,High,0,0,50,0,0,50,0,70,0,0,0,0,0,0,0,0,0,0,0,0,0,0,0,140
Baynes,DBR,2015,8,Mid,Aquaculture,Reference,Farm Reference,0,0,6.336950405,73.95898829,0,0,0,5.071406466,0.826260171,0,0,13.80639467,0,0,0,Mid,0,40,20,0,0,0,0,50,0,0,0,0,0,0,0,0,0,0,0,0,0,0,0,20
Baynes,DBR,2015,9,Low,Aquaculture,Reference,Farm Reference,0,0,5.870188173,0,67.77124697,13.7865554,0,4.937421054,3.131233357,0,0,4.503355046,0,0,0,Low,0,0,40,0,0,50,0,300,0,0,0,0,0,0,0,0,0,0,0,0,0,0,0,50
Baynes,DBR,2015,10,High,Aquaculture,Reference,Farm Reference,0,0,3.566152656,0,92.59443127,3.203650413,0,0,0.562807999,0,0,0.072957667,0,0,0,High,0,0,70,0,0,20,20,270,0,0,0,0,0,0,0,0,0,0,0,0,0,0,0,10
Baynes,DBR,2015,11,Mid,Aquaculture,Reference,Farm Reference,0,0,10.33271644,0,82.96731343,6.515932401,0,0,0.184037734,0,0,0,0,0,0,Mid,0,0,80,0,0,20,0,10,0,0,0,0,0,0,0,0,0,0,0,0,0,0,0,40
Baynes,DBR,2015,12,Low,Aquaculture,Reference,Farm Reference,0,0,17.32305117,0,1.606494809,1.521389906,0,7.610345443,2.155763093,0,0,69.78295558,0,0,0,Low,0,0,50,0,0,10,10,70,0,0,0,0,0,0,0,0,0,0,0,0,0,0,0,20
Baynes,DBR,2015,13,High,Aquaculture,Reference,Farm Reference,0,0,61.62987267,0,20.41602959,17.95409774,0,0,0,0,0,0,0,0,0,High,0,0,20,0,0,70,180,200,0,0,0,0,0,0,0,0,0,0,0,0,0,0,0,10
Baynes,DBR,2015,14,Mid,Aquaculture,Reference,Farm Reference,0,0,72.96939298,0,2.529848392,2.438318244,0.950757303,0.754166597,0,0,0,20.35751648,0,0,0,Mid,0,20,80,0,0,90,0,340,0,0,0,0,0,0,0,0,0,0,0,0,0,0,0,170
Baynes,DBR,2015,15,Low,Aquaculture,Reference,Farm Reference,0,0,55.88694042,0,16.13967873,6.947375692,1.608804557,3.91764723,1.202623719,0,0,14.29692965,0,0,0,Low,0,120,50,0,0,350,0,240,0,0,0,0,0,0,0,0,0,0,0,0,0,0,0,100
Baynes,NOT,2015,1,High,Aquaculture,Reference,Farm Reference,0,0,75.87566033,0,0,2.193495943,0,0,0,0,0,0.934616138,0,0,20.99622758,High,0,10,0,0,0,20,1250,980,0,0,0,0,0,0,0,0,0,0,0,0,0,0,0,20
Baynes,NOT,2015,2,Mid,Aquaculture,Reference,Farm Reference,0,0,81.5190081,14.21039669,0,2.387749846,0,0,0,0,0,0,0,0,1.882845365,Mid,0,0,0,0,0,0,0,30,0,0,0,0,0,0,0,0,0,0,0,0,0,0,0,0
Baynes,NOT,2015,3,Low,Aquaculture,Reference,Farm Reference,0,0,84.48323732,0,13.94662732,1.570135355,0,0,0,0,0,0,0,0,0,Low,0,0,0,0,0,0,0,0,0,0,0,0,0,0,0,0,0,0,0,0,0,0,0,40
Baynes,NOT,2015,4,High,Aquaculture,Reference,Farm Reference,0,2.098489587,92.58720208,0,0,3.667994108,0,0,0,0,0,0,0,0,1.646314221,High,0,20,30,0,0,50,420,1240,0,0,0,0,0,0,0,0,0,0,0,0,0,0,0,30
Baynes,NOT,2015,5,Mid,Aquaculture,Reference,Farm Reference,0,0,43.48746594,0,54.57878356,1.602354688,0,0,0.331395816,0,0,0,0,0,0,Mid,0,0,30,0,0,0,0,0,0,0,0,0,0,0,0,0,0,0,0,0,0,0,0,40
Baynes,NOT,2015,6,Low,Aquaculture,Reference,Farm Reference,0,0,96.31503408,0,3.292773263,0.392192656,0,0,0,0,0,0,0,0,0,Low,0,0,0,0,0,30,0,10,0,0,0,0,0,0,0,0,0,0,0,0,0,0,0,10
Baynes,NOT,2015,7,High,Aquaculture,Reference,Farm Reference,0,0,0,0,38.47474969,1.122170202,0,0,60.40308011,0,0,0,0,0,0,High,0,0,0,0,0,0,0,0,0,0,0,0,0,0,0,0,0,0,0,0,0,0,0,20
Baynes,NOT,2015,8,Mid,Aquaculture,Reference,Farm Reference,0,0,0,0,96.43769156,3.562308439,0,0,0,1.373055106,0,0,0,0,0,Mid,0,0,0,0,0,0,10,70,0,0,0,0,0,0,0,0,0,0,0,0,0,0,0,10
Baynes,NOT,2015,9,Low,Aquaculture,Reference,Farm Reference,0,0,97.86261368,0,0,0.783184168,0,0,0,0,0,1.354202154,0,0,0,Low,0,0,0,0,0,110,30,1230,0,0,0,0,0,0,0,0,0,0,0,0,0,0,0,40
Baynes,NOT,2015,10,High,Aquaculture,Reference,Farm Reference,0,0,93.36941813,0,2.810770528,3.819811339,0,0,0,0,0,0,0,0,0,High,0,10,0,0,0,0,420,510,0,0,0,0,0,0,0,0,0,0,0,0,0,0,0,0
Baynes,NOT,2015,11,Mid,Aquaculture,Reference,Farm Reference,0,0,87.6775421,9.140467019,0,0.875053789,2.30693709,0,0,0,0,0,0,0,0,Mid,0,0,0,0,0,0,0,400,0,0,0,0,0,0,0,0,0,0,0,0,0,0,0,10
Baynes,NOT,2015,12,Low,Aquaculture,Reference,Farm Reference,0,0,98.70444068,0,0,1.087670816,0,0,0,0,0,0.207888509,0,0,0,Low,0,0,0,0,0,20,0,260,0,0,0,0,0,0,0,0,0,0,0,0,0,0,0,40
Baynes,NOT,2015,13,High,Aquaculture,Reference,Farm Reference,0,6.491123322,83.99156773,0,0,1.250145812,0,0,0,0,0,0,0,0,8.267163132,High,0,20,10,0,0,0,340,610,0,0,0,0,0,0,0,0,0,0,0,0,0,0,0,0
Baynes,NOT,2015,14,Mid,Aquaculture,Reference,Farm Reference,0,0,92.33417991,5.129437503,0,1.357971222,0,0,1.178411361,0,0,0,0,0,0,Mid,0,30,10,0,0,30,0,0,0,0,0,0,0,0,0,0,0,0,0,0,0,0,0,110
Baynes,NOT,2015,15,Low,Aquaculture,Reference,Farm Reference,0,0,95.87575046,0,0,4.124249544,0,0,0,0,0,0,0,0,0,Low,0,0,20,0,0,0,0,190,0,0,0,0,0,0,0,0,0,0,0,0,0,0,0,0
Baynes,RES,2015,1,High,Aquaculture,Reference,Farm Reference,0,5.60952244,90.3234808,0,0,4.066996759,0,0,0,0,0,0,0,0,0,High,0,0,0,0,0,70,430,1220,0,0,0,0,0,0,0,0,0,0,0,0,0,0,0,100
Baynes,RES,2015,2,Mid,Aquaculture,Reference,Farm Reference,0,0,85.05191021,4.735412805,0,6.314065637,0,0,0.481169454,0,0.479029774,2.938412119,0,0,0,Mid,0,0,30,0,0,100,0,2140,0,0,0,0,0,0,0,0,0,0,0,0,0,0,0,100
Baynes,RES,2015,3,Low,Aquaculture,Reference,Farm Reference,0,0,65.23426266,0,2.558011595,5.884183663,0,0,7.155883586,0,3.058784622,16.10887387,0,0,0,Low,0,0,70,0,0,0,0,0,0,0,0,0,0,0,0,0,0,0,0,0,0,0,0,40
Baynes,RES,2015,4,High,Aquaculture,Reference,Farm Reference,0,8.447253835,87.79753621,0,0,1.554132053,2.201077904,0,0,0,0,0,0,0,0,High,0,0,50,0,0,130,410,6000,0,0,0,0,0,0,0,0,10,0,0,0,0,0,0,90
Baynes,RES,2015,5,Mid,Aquaculture,Reference,Farm Reference,0,0,0,93.68333244,0,6.316667564,0,0,0,0,0,0,0,0,0,Mid,0,10,80,0,0,30,70,3260,0,0,0,0,0,0,0,0,0,0,0,0,0,0,0,70
Baynes,RES,2015,6,Low,Aquaculture,Reference,Farm Reference,0,0,92.59264828,4.149764314,0,2.700018601,0,0.557568801,0,0,0,0,0,0,0,Low,0,0,10,0,0,10,0,2180,0,0,0,0,0,0,0,0,0,0,0,0,0,0,0,150
Baynes,RES,2015,7,High,Aquaculture,Reference,Farm Reference,0,1.700178622,95.25843753,0,0,3.041383849,0,0,0,0,0,0,0,0,0,High,0,0,50,0,0,50,80,860,0,0,0,0,0,0,0,0,0,0,0,0,0,0,0,30
Baynes,RES,2015,8,Mid,Aquaculture,Reference,Farm Reference,0,6.119986627,85.48433513,1.592457951,0,4.841065965,0,0,0,0,0,1.962154331,0,0,0,Mid,0,0,50,0,0,0,60,2080,0,0,0,0,0,0,0,0,0,0,0,0,0,0,0,190
Baynes,RES,2015,9,Low,Aquaculture,Reference,Farm Reference,0,0,80.15236732,0,9.958568489,4.173072047,0,0.746091437,2.929011331,0,0,2.04088938,0,0,0,Low,0,0,120,0,0,30,0,60,0,0,0,0,0,0,0,0,0,0,0,0,0,0,0,40
Baynes,RES,2015,10,High,Aquaculture,Reference,Farm Reference,0,3.973506372,89.73995534,0,0,6.286538288,0,0,0,0,0,0,0,0,0,High,0,0,70,0,0,150,370,5010,0,0,0,0,0,0,0,0,0,0,0,0,0,0,0,40
Baynes,RES,2015,11,Mid,Aquaculture,Reference,Farm Reference,0,0,94.14596004,0,0,3.254516549,2.11374294,0,0,0,0,0.485780476,0,0,0,Mid,0,0,100,0,0,30,60,1190,0,0,0,0,0,0,0,0,10,0,0,0,0,0,0,200
Baynes,RES,2015,12,Low,Aquaculture,Reference,Farm Reference,0,0,35.82903787,0,6.047055133,1.023507916,0,0,0,0,57.10039908,0,0,0,0,Low,0,0,30,0,0,10,0,0,0,0,0,0,0,0,0,0,0,0,0,0,0,0,0,30
Baynes,RES,2015,13,High,Aquaculture,Reference,Farm Reference,0,0,96.4953273,0,0,2.923007934,0,0,0,0,0,0.581664768,0,0,0,High,0,0,60,0,0,10,60,700,0,0,0,0,0,0,0,0,0,0,0,0,0,0,0,10
Baynes,RES,2015,14,Mid,Aquaculture,Reference,Farm Reference,0,0,92.89073272,0,1.628348413,5.480918863,0,0,0,0,0,0,0,0,0,Mid,0,0,70,0,0,10,30,1220,0,0,0,0,0,0,0,0,0,0,0,0,0,0,0,50
Baynes,RES,2015,15,Low,Aquaculture,Reference,Farm Reference,0,0,0.812979627,65.70535551,0,5.423716658,0,2.092095834,25.96585238,0,0,0,0,0,0,Low,0,0,110,0,0,0,0,0,0,0,0,0,0,0,0,0,0,0,0,0,0,0,0,10
Quadra,HBI,2015,2,Mid,Aquaculture,Reference,Farm Reference,0,0,98.72514378,0,0,1.274856216,0,0,0,0,0,0,0,0,0,Mid,0,0,10,0,0,0,102,19,0,0,0,0,0,0,0,0,0,0,0,0,0,0,0,0
Quadra,HBI,2015,3,Low,Aquaculture,Reference,Farm Reference,0,0,87.27064926,0,0,6.067233525,0,0,0,0,0,0,0,0,6.66211722,Low,0,0,0,0,0,0,43,33,0,0,0,0,0,0,0,0,0,0,0,0,0,0,0,20
Quadra,HBI,2015,4,High,Aquaculture,Reference,Farm Reference,0,14.40259465,85.59740535,0,0,0,0,0,0,0,0,0,0,0,0,High,0,0,25,0,0,2,27,440,2,0,0,0,0,0,0,0,0,0,0,0,0,0,0,100
Quadra,HBI,2015,5,Mid,Aquaculture,Reference,Farm Reference,0,0,3.702494,0,88.44715213,2.470810252,0,0,5.379543618,0,0,0,0,0,0,Mid,0,0,100,0,0,0,12,19,1,0,0,0,0,0,0,0,0,0,0,0,0,0,0,6
Quadra,HBI,2015,6,Low,Aquaculture,Reference,Farm Reference,0,0,85.95439848,0,0,3.773457918,8.231990832,0,0,0,0,0,0,0,2.04015277,Low,0,0,4,0,7,22,504,120,1,0,0,0,0,0,0,0,0,1,0,0,0,0,0,42
Quadra,HBI,2015,7,High,Aquaculture,Reference,Farm Reference,0,0,65.43984562,0,34.56015438,0,0,0,0,0,0,0,0,0,0,High,0,0,22,0,0,1,18,41,0,0,0,0,0,0,0,0,0,0,0,0,0,0,0,0
Quadra,HBI,2015,8,Mid,Aquaculture,Reference,Farm Reference,0,0,64.12199229,0,16.45018753,12.64032928,0,0,0,0,0,0,0,0,6.787490907,Mid,0,0,22,0,1,22,150,100,0,0,0,0,0,0,0,0,0,0,0,0,0,0,0,44
Quadra,HBI,2015,9,Low,Aquaculture,Reference,Farm Reference,0,0,25.53663487,0,0,74.46336513,0,0,0,0,0,0,0,0,0,Low,0,0,0,0,0,2,0,63,2,0,0,0,0,0,0,0,0,0,0,0,0,0,0,25
Quadra,HBI,2015,10,High,Aquaculture,Reference,Farm Reference,0,0,96.20309949,0,3.796900512,0,0,0,0,0,0,0,0,0,0,High,0,0,6,0,0,0,30,24,0,0,0,0,0,0,0,0,0,0,0,0,0,0,0,0
Quadra,HBI,2015,11,Mid,Aquaculture,Reference,Farm Reference,0,0,94.70975703,0,0,3.157877816,0.739805155,0,0,0,0,0,0,0,1.39256,Mid,0,0,0,0,0,5,48,240,6,0,0,0,0,0,0,0,0,0,0,0,0,0,0,39
Quadra,HBI,2015,12,Low,Aquaculture,Reference,Farm Reference,0,0,60.89836124,0,0,9.127012158,29.9746266,0,0,0,0,0,0,0,0,Low,0,0,0,0,10,13,61,149,4,0,0,0,0,0,0,0,0,0,0,0,0,0,0,236
Quadra,HBI,2015,13,High,Aquaculture,Reference,Farm Reference,0,8.480259306,88.06123774,0,0,3.458502953,0,0,0,0,0,0,0,0,0,High,0,0,30,0,0,0,1,0,0,0,0,0,0,0,0,0,0,0,0,0,0,0,0,25
Quadra,HBI,2015,14,Mid,Aquaculture,Reference,Farm Reference,0,0,77.05353696,0,0,22.94646304,0,0,0,0,0,0,0,0,0,Mid,0,0,1,0,0,0,19,108,0,0,0,0,0,0,0,0,0,0,0,0,0,0,0,3
Quadra,HBI,2015,15,Low,Aquaculture,Reference,Farm Reference,0,0,5.011571098,0,0,0.72901392,0,0,1.351884155,0,0,92.90753083,0,0,0,Low,0,0,0,0,3,12,0,0,0,3,0,5,0,0,0,0,0,0,0,0,0,0,0,2
Quadra,LEN,2015,1,High,Aquaculture,Reference,Farm Reference,0,0,99.09336589,0,0,0.906634107,0,0,0,0,0,0,0,0,0,High,0,0,24,0,0,0,5,61,0,0,0,0,0,0,0,0,0,0,0,0,0,0,0,1
Quadra,LEN,2015,2,High,Aquaculture,Reference,Farm Reference,0,11.58238902,84.59274356,0,0,3.824867424,0,0,0,0,0,0,0,0,0,High,0,0,4,0,0,10,167,182,1,0,0,0,0,0,0,0,0,0,0,0,0,0,0,4
Quadra,LEN,2015,3,Low,Aquaculture,Reference,Farm Reference,0,2.651509888,85.71839232,0,9.071094639,2.55900315,0,0,0,0,0,0,0,0,0,Low,0,0,15,0,0,0,9,246,2,0,0,0,0,0,0,0,0,0,0,0,0,0,0,0
Quadra,LEN,2015,4,High,Aquaculture,Reference,Farm Reference,0,0,98.17690953,0.902315981,0,0.920774487,0,0,0,0,0,0,0,0,0,High,0,0,0,0,0,0,0,0,0,0,0,0,0,0,0,0,0,0,0,0,0,0,0,0
Quadra,LEN,2015,5,Mid,Aquaculture,Reference,Farm Reference,0,0,97.84083121,0,0,2.159168787,0,0,0,0,0,0,0,0,0,Mid,0,0,7,0,0,0,1,99,0,0,0,0,0,0,0,0,0,0,0,0,0,0,0,0
Quadra,LEN,2015,6,Low,Aquaculture,Reference,Farm Reference,0,0,14.43608952,0,65.39311427,5.893647379,0,0,0,0,0,14.27714883,0,0,0,Low,0,0,0,0,0,0,1,12,0,0,0,0,0,0,0,0,0,0,0,0,0,0,0,0
Quadra,LEN,2015,7,High,Aquaculture,Reference,Farm Reference,0,0,93.39031683,0,2.402755764,4.206927408,0,0,0,0,0,0,0,0,0,High,0,0,44,0,0,0,6,0,0,0,0,0,0,0,0,0,0,0,0,0,0,0,0,0
Quadra,LEN,2015,8,Mid,Aquaculture,Reference,Farm Reference,0,0,95.89394742,0,3.04568428,1.060368302,0,0,0,0,0,0,0,0,0,Mid,0,0,31,0,0,0,6,287,0,0,0,0,0,0,0,0,0,0,0,0,0,0,0,0
Quadra,LEN,2015,9,Low,Aquaculture,Reference,Farm Reference,0,3.245298487,51.52052373,0,18.44168633,5.581379353,0,0,0,0,0,21.21111209,0,0,0,Low,0,0,1,0,7,16,7,678,5,0,0,0,0,0,0,0,0,0,0,0,0,0,0,38
Quadra,LEN,2015,10,High,Aquaculture,Reference,Farm Reference,0,0.908324638,86.7663975,0,11.17746106,1.147816799,0,0,0,0,0,0,0,0,0,High,0,0,63,0,0,0,1,0,0,0,0,0,0,0,0,0,0,0,0,0,0,0,0,2
Quadra,LEN,2015,11,Mid,Aquaculture,Reference,Farm Reference,0,0,14.28203185,72.86380541,0,12.2225105,0,0,0.339199729,0,0,0.292452512,0,0,0,Mid,0,0,2,0,0,0,4,230,0,0,0,0,0,0,0,0,0,0,0,0,0,0,0,1
Quadra,LEN,2015,12,Low,Aquaculture,Reference,Farm Reference,0,0,0.831458774,9.233413395,85.61046728,1.427338399,0,0,0,0,0,2.89732215,0,0,0,Low,0,0,0,0,0,0,0,0,0,0,0,0,0,0,0,0,0,0,0,0,0,0,0,0
Quadra,LEN,2015,13,High,Aquaculture,Reference,Farm Reference,0,0,84.52550991,0,13.74248429,1.7320058,0,0,0,0,0,0,0,0,0,High,0,0,20,0,0,0,31,25,0,0,0,0,0,0,0,0,0,0,0,0,0,0,0,0
Quadra,LEN,2015,14,Mid,Aquaculture,Reference,Farm Reference,0,1.204273396,50.99034995,0,43.31283029,4.492546367,0,0,0,0,0,0,0,0,0,Mid,0,0,45,0,0,0,28,199,0,0,0,0,0,0,0,0,0,0,0,0,0,0,0,0
Quadra,LEN,2015,15,Low,Aquaculture,Reference,Farm Reference,0,0,82.95102457,0,14.11897853,2.415554647,0,0,0.259884216,0.254558035,0,0,0,0,0,Low,0,0,7,0,0,0,0,0,0,0,0,0,0,0,0,0,0,0,0,0,0,0,0,0
Quadra,WWK,2015,1,High,Aquaculture,Reference,Farm Reference,0,0,97.52854845,0.403605147,0,2.067846403,0,0,0,0,0,0,0,0,0,High,0,0,81,0,0,0,21,73,0,0,0,0,0,0,0,0,0,0,0,0,0,0,0,0
Quadra,WWK,2015,2,Mid,Aquaculture,Reference,Farm Reference,0,0,90.97590865,0,0,9.024091348,0,0,0,0,0,0,0,0,0,Mid,0,0,11,0,1,0,28,16,0,0,0,0,0,0,0,0,0,0,0,0,0,0,0,0
Quadra,WWK,2015,3,Low,Aquaculture,Reference,Farm Reference,0,0,92.18645909,0,0,5.837074029,1.976466883,0,0,0,0,0,0,0,0,Low,0,0,17,0,0,1,8,207,0,0,0,0,0,0,0,0,0,0,0,0,0,0,0,0
Quadra,WWK,2015,4,High,Aquaculture,Reference,Farm Reference,0,0,97.79371445,0,0,2.206285548,0,0,0,0,0,0,0,0,0,High,0,0,9,0,0,0,13,145,0,0,0,0,0,0,0,0,0,0,0,0,0,0,0,0
Quadra,WWK,2015,5,Mid,Aquaculture,Reference,Farm Reference,0,8.760745146,87.75786222,0,0,3.481392637,0,0,0,0,0,0,0,0,0,Mid,2,0,45,0,0,0,36,349,0,0,0,0,0,0,0,0,0,0,0,0,0,0,0,0
Quadra,WWK,2015,6,Low,Aquaculture,Reference,Farm Reference,0,0,96.76070178,0,0,3.239298219,0,0,0,0,0,0,0,0,0,Low,1,0,10,0,0,2,54,165,0,0,0,0,0,0,0,0,0,0,0,0,0,0,0,0
Quadra,WWK,2015,7,High,Aquaculture,Reference,Farm Reference,0,9.206356614,87.38138916,0,0,3.412254228,0,0,0,0,0,0,0,0,0,High,0,0,35,0,0,0,18,126,0,0,0,0,0,0,0,0,0,0,0,0,0,0,0,0
Quadra,WWK,2015,8,Mid,Aquaculture,Reference,Farm Reference,0,11.73530806,86.24574778,0,0,2.01894416,0,0,0,0,0,0,0,0,0,Mid,0,0,20,0,0,0,7,223,0,0,0,0,0,0,0,0,0,0,0,0,0,0,0,0
Quadra,WWK,2015,9,Low,Aquaculture,Reference,Farm Reference,0,0,91.89507021,0,0,8.104929786,0,0,0,0,0,0,0,0,0,Low,1,0,6,0,0,2,14,94,0,0,0,0,0,0,0,0,0,0,0,0,0,0,0,0
Quadra,WWK,2015,10,High,Aquaculture,Reference,Farm Reference,0,8.446583712,91.55341629,0,0,0,0,0,0,0,0,0,0,0,0,High,0,0,2,0,0,1,0,93,0,0,0,0,0,0,0,0,0,0,0,0,0,0,0,0
Quadra,WWK,2015,11,Mid,Aquaculture,Reference,Farm Reference,0,0,96.72818312,0,0,3.271816881,0,0,0,0,0,0,0,0,0,Mid,0,0,50,0,0,0,26,700,0,0,0,0,0,0,0,0,0,0,0,0,0,0,0,0
Quadra,WWK,2015,12,Low,Aquaculture,Reference,Farm Reference,0,0,94.62854478,0,0,5.371455223,0,0,0,0,0,0,0,0,0,Low,0,0,7,0,0,0,13,199,0,0,0,0,0,0,0,0,0,0,0,0,0,0,0,0
Quadra,WWK,2015,13,High,Aquaculture,Reference,Farm Reference,0,0,98.66251913,0,0,1.337480874,0,0,0,0,0,0,0,0,0,High,0,0,9,0,0,0,11,54,0,0,0,0,0,0,0,0,0,0,0,0,0,0,0,0
Quadra,WWK,2015,14,Mid,Aquaculture,Reference,Farm Reference,0,0,96.3593113,0,0,3.640688696,0,0,0,0,0,0,0,0,0,Mid,1,1,7,0,0,0,8,16,0,0,0,0,0,0,0,0,0,0,0,0,0,0,0,0
Quadra,WWK,2015,15,Low,Aquaculture,Reference,Farm Reference,0,0,89.48019661,0,0,4.754705365,5.765098022,0,0,0,0,0,0,0,0,Low,0,0,0,0,4,1,10,303,0,0,0,0,0,0,0,0,0,0,0,0,0,0,0,0
Baynes,DBR,2016,1,Mid,Aquaculture,Reference,Farm Reference,0,0,10.71773816,0,69.70929935,1.970039645,0,0,8.295545329,0,0,9.30737751,0,0,0,Mid,0,0,260,0,0,0,0,40,0,0,0,0,0,0,0,0,0,0,0,0,0,0,0,0
Baynes,DBR,2016,2,Mid,Aquaculture,Reference,Farm Reference,0,0,26.51704605,0,54.51843553,1.703853471,0,0.910488545,3.118479927,1.226691361,0,12.00500512,0,0,0,Mid,0,0,370,0,0,0,0,20,0,0,0,0,0,0,0,0,0,0,0,0,0,0,0,20
Baynes,DBR,2016,3,Mid,Aquaculture,Reference,Farm Reference,0,0,7.980415497,0,74.02791919,2.365541474,0,0,10.48550355,0,1.990379212,3.150241072,0,0,0,Mid,0,0,40,0,0,0,0,60,0,0,0,0,0,0,0,0,0,0,0,0,0,0,0,10
Baynes,DBR,2016,4,Mid,Aquaculture,Reference,Farm Reference,0,1.595054822,9.517329856,0,7.444313583,4.535849154,2.149874279,0,1.503953899,0,0,73.25362441,0,0,0,Mid,0,10,60,0,0,30,0,350,0,0,0,0,0,0,0,0,0,0,0,0,0,0,0,200
Baynes,DBR,2016,5,Mid,Aquaculture,Reference,Farm Reference,0,0,6.376271996,13.67177386,0,4.201677085,6.829056242,1.90902678,32.2761336,0,0,34.73606044,0,0,0,Mid,0,280,40,0,0,0,0,0,0,0,0,0,0,0,0,0,0,0,0,0,0,0,0,290
Baynes,NOT,2016,1,Mid,Aquaculture,Reference,Farm Reference,0,0,7.294457124,0,0,0.263676059,0,0,28.85256024,0,0,63.58930658,0,0,0,Mid,0,10,0,0,0,0,10,0,0,0,0,0,0,0,0,0,0,0,0,0,0,0,0,10
Baynes,NOT,2016,2,Mid,Aquaculture,Reference,Farm Reference,0,0,0,74.96460475,5.464706399,2.012771653,0,0,11.68258719,0,0,5.875330009,0,0,0,Mid,0,80,10,0,0,0,0,0,0,0,0,0,0,0,0,0,0,0,0,0,0,0,0,10
Baynes,NOT,2016,3,Mid,Aquaculture,Reference,Farm Reference,0,0,92.87557817,3.94081288,0,3.183608946,0,0,0,0,0,0,0,0,0,Mid,0,0,20,0,0,0,0,0,0,0,0,0,0,0,0,0,0,0,0,0,0,0,0,0
Baynes,NOT,2016,4,Mid,Aquaculture,Reference,Farm Reference,0,0,90.7527842,6.491174587,0,2.268505381,0,0,0,0,0,0.487535828,0,0,0,Mid,0,30,0,0,0,30,0,30,0,0,0,0,0,0,0,0,0,0,0,0,0,0,0,110
Baynes,NOT,2016,5,Mid,Aquaculture,Reference,Farm Reference,0,0,95.29410168,1.940463802,0,0.875075907,0,0,1.670921291,0,0,0,0,0,0.219437324,Mid,0,0,10,0,0,80,0,0,0,0,0,0,0,0,0,0,0,0,0,0,0,0,0,10
Baynes,RES,2016,1,Mid,Aquaculture,Reference,Farm Reference,0,9.394715307,85.56840406,0.289799514,0,4.747081119,0,0,0,0,0,0,0,0,0,Mid,0,20,30,0,0,150,70,2180,0,0,0,0,0,0,0,0,0,0,0,0,0,0,0,120
Baynes,RES,2016,2,Mid,Aquaculture,Reference,Farm Reference,0,19.74943883,72.24364782,0,0,7.528253094,0,0,0.478660255,0,0,0,0,0,0,Mid,0,0,10,0,0,90,30,1210,0,0,0,0,0,0,0,0,0,0,0,0,0,0,0,10
Baynes,RES,2016,3,Mid,Aquaculture,Reference,Farm Reference,0,0,7.303952048,0,75.94027384,3.650400775,0,0.833066164,12.27230717,0,0,0,0,0,0,Mid,0,0,10,0,0,0,0,0,0,0,10,0,0,0,0,0,0,0,0,0,0,0,0,90
Baynes,RES,2016,4,Mid,Aquaculture,Reference,Farm Reference,0,2.364815239,87.39305768,2.16780659,0,8.074320493,0,0,0,0,0,0,0,0,0,Mid,0,0,20,0,0,0,60,270,0,0,0,0,0,0,0,0,0,0,0,0,0,0,0,620
Baynes,RES,2016,5,Mid,Aquaculture,Reference,Farm Reference,0,12.6853606,77.57631084,2.485432441,0,7.252896114,0,0,0,0,0,0,0,0,0,Mid,0,0,0,0,0,20,30,1360,0,0,0,0,0,0,0,0,0,0,0,0,0,0,0,20
Quadra,HBI,2016,1,Mid,Aquaculture,Reference,Farm Reference,0,1.490440078,86.64935018,0,0,4.704560504,6.422327318,0,0.733321922,0,0,0,0,0,0,Mid,0,0,0,0,0,50,0,9440,0,0,0,0,0,0,0,0,0,0,0,0,0,0,0,30
Quadra,HBI,2016,2,Mid,Aquaculture,Reference,Farm Reference,0,0,90.29779342,0,0,4.818546702,3.207571429,0,0,0,0,1.676088452,0,0,0,Mid,0,0,0,0,3,0,0,6300,0,0,0,0,0,0,0,0,0,0,0,0,0,0,0,90
Quadra,HBI,2016,3,Mid,Aquaculture,Reference,Farm Reference,0,0,87.78794651,0,0,11.2051725,1.00688099,0,0,0,0,0,0,0,0,Mid,0,0,0,0,0,100,90,2760,0,0,0,0,0,0,0,0,0,0,0,0,0,0,0,60
Quadra,HBI,2016,4,Mid,Aquaculture,Reference,Farm Reference,0,0,94.95241783,0,0,5.047582171,0,0,0,0,0,0,0,0,0,Mid,0,0,0,0,0,30,40,1470,0,0,0,0,0,0,0,0,0,0,0,0,0,0,0,10
Quadra,HBI,2016,5,Mid,Aquaculture,Reference,Farm Reference,0,0,92.66773075,0,0,7.332269251,0,0,0,0,0,0,0,0,0,Mid,0,0,0,0,0,30,0,2640,0,0,0,0,0,0,0,0,0,0,0,0,0,0,0,0
Quadra,LEN,2016,1,Mid,Aquaculture,Reference,Farm Reference,0,0,3.001702173,54.18169311,0,2.410452389,0,0,0,0,0,40.40615233,0,0,0,Mid,0,0,0,0,0,0,0,0,0,0,0,0,0,0,0,0,0,0,0,0,0,0,0,0
Quadra,LEN,2016,2,Mid,Aquaculture,Reference,Farm Reference,0,1.275162772,22.64105217,50.83485233,0,5.711587125,0,0,0,0,0,19.5373456,0,0,0,Mid,0,0,0,0,0,0,0,340,0,0,0,0,0,0,0,0,10,0,0,0,0,0,0,0
Quadra,LEN,2016,3,Mid,Aquaculture,Reference,Farm Reference,0,8.809817294,68.36704145,0,0,4.899041441,0,0,0,0,0,17.92409982,0,0,0,Mid,0,0,0,0,0,20,10,5910,0,0,0,0,0,0,0,0,0,0,0,0,0,0,0,70
Quadra,LEN,2016,4,Mid,Aquaculture,Reference,Farm Reference,0,4.033103385,52.54988171,8.590823376,0,5.940823661,0,0,0,0,0,28.88536786,0,0,0,Mid,0,0,10,0,0,10,0,1710,0,0,0,0,0,0,0,0,0,0,0,0,0,0,0,0
Quadra,LEN,2016,5,Mid,Aquaculture,Reference,Farm Reference,0,0,31.74187434,0,19.29079349,1.663870206,0,0,0,0,0,47.30346196,0,0,0,Mid,0,0,0,0,0,20,0,990,0,0,0,0,0,0,0,0,0,0,0,0,0,0,0,0
Quadra,WWK,2016,1,Mid,Aquaculture,Reference,Farm Reference,0,0,97.01004492,0,0,2.98995508,0,0,0,0,0,0,0,0,0,Mid,0,0,10,0,0,20,50,2543,0,0,0,0,0,0,0,0,0,0,0,0,0,0,0,40
Quadra,WWK,2016,2,Mid,Aquaculture,Reference,Farm Reference,0,0,69.40806832,0,0,3.488636502,27.10329518,0,0,0,0,0,0,0,0,Mid,0,10,0,0,12,30,41,4930,10,0,0,0,0,0,0,0,0,0,0,0,0,0,0,60
Quadra,WWK,2016,3,Mid,Aquaculture,Reference,Farm Reference,0,0,66.68963397,0,0,3.008841055,2.892501266,0,0,0,0,27.40902371,0,0,0,Mid,22,0,10,0,0,0,10,1730,0,0,0,0,0,0,0,0,0,0,0,0,0,0,0,0
Quadra,WWK,2016,4,Mid,Aquaculture,Reference,Farm Reference,0,0,94.75558628,0,0,5.244413719,0,0,0,0,0,0,0,0,0,Mid,30,0,20,0,0,0,200,580,0,0,0,0,0,0,0,0,0,0,0,0,0,0,0,20
Quadra,WWK,2016,5,Mid,Aquaculture,Reference,Farm Reference,0,0,0,97.2181751,0,2.781824903,0,0,0,0,0,0,0,0,0,Mid,10,0,20,0,0,0,70,920,0,0,0,0,0,0,0,0,0,0,0,0,0,0,0,20
Calvert,CGNetwork,2015,2,Mid,Garden,Clam Garden,Clam Garden,0,0,78.09864763,5.79430428,0,14.4693847,0,0,0,0,0,1.410544127,0,0.227119267,0,Mid,0,0,0,0,0,0,0,40,0,0,0,0,0,0,0,0,0,0,0,0,0,0,0,0
Calvert,CGNetwork,2015,3,Low,Garden,Clam Garden,Clam Garden,0,0,8.630542307,64.48794362,0,3.283339613,0,0,0,0,0,13.96237899,0,9.635795472,0,Low,0,10,0,0,0,20,20,580,0,0,0,0,0,0,0,0,30,0,0,0,0,220,0,0
Calvert,CGNetwork,2015,5,Mid,Garden,Clam Garden,Clam Garden,0,0,0.249917172,0,0,82.86247646,0,0,0,0,0,9.063382335,0,7.82422403,0,Mid,0,0,0,10,0,30,0,1510,10,0,0,0,0,0,0,0,20,0,0,0,0,0,0,0
Calvert,CGNetwork,2015,6,Mid,Garden,Clam Garden,Clam Garden,0,3.125014671,32.08125353,0,62.95892034,0,0,0,0,0,0,1.834811461,0,0,0,Mid,0,10,0,0,0,70,30,790,0,0,0,0,0,0,0,0,150,20,0,0,0,10,0,10
Calvert,CGNetwork,2015,9,Low,Garden,Clam Garden,Clam Garden,0,0,7.420489297,0,85.63826414,0,6.941246563,0,0,0,0,0,0,0,0,Low,0,70,0,0,0,50,20,340,0,0,0,0,0,0,0,0,20,0,0,0,0,10,0,0
Calvert,CGNetwork,2015,12,Mid,Garden,Clam Garden,Clam Garden,0,0,16.44049552,0,73.2199565,6.6429763,0,0,0,0,0,3.696571682,0,0,0,Mid,0,0,0,0,0,0,20,1440,0,0,0,0,0,0,0,0,0,0,0,0,0,10,0,0
Calvert,CGNetwork,2015,15,Low,Garden,Clam Garden,Clam Garden,0,0,0,37.58179396,0,49.07408143,0,0,0,0,0,12.02609838,0,1.318026229,0,Low,0,0,0,0,0,20,0,140,0,0,0,0,0,0,0,0,10,0,0,0,0,0,0,0
Calvert,NUXI,2015,1,High,Garden,Clam Garden,Clam Garden,0,0,89.63361138,4.663994382,0,5.702394242,0,0,0,0,0,0,0,0,0,High,0,0,0,0,0,10,210,4420,0,0,0,0,0,0,0,0,0,0,0,0,0,0,0,0
Calvert,NUXI,2015,2,Mid,Garden,Clam Garden,Clam Garden,0,2.394436973,67.4292677,7.925635822,0,22.25065951,0,0,0,0,0,0,0,0,0,Mid,0,0,0,0,0,30,320,11660,40,0,0,0,0,0,0,0,10,0,0,0,0,0,0,10
Calvert,NUXI,2015,3,Low,Garden,Clam Garden,Clam Garden,0,0,57.83174514,4.046745251,5.394053639,22.99947584,0,0,0,0,0,7.413169564,0,0,2.314810564,Low,0,10,0,10,0,20,0,0,0,0,0,0,50,0,0,0,50,0,10,60,0,20,0,0
Calvert,NUXI,2015,4,High,Garden,Clam Garden,Clam Garden,0,0,88.34153314,3.501544851,0,8.156922005,0,0,0,0,0,0,0,0,0,High,0,0,0,0,0,0,230,5570,150,0,0,0,0,0,0,0,0,0,0,0,0,0,0,0
Calvert,NUXI,2015,5,Mid,Garden,Clam Garden,Clam Garden,0,0,73.36459451,0,12.64916455,8.672090605,0,0,0,0,0,0,0,5.314150333,0,Mid,0,0,0,0,0,210,90,1830,10,0,0,0,0,0,0,0,0,0,0,0,0,0,0,0
Calvert,NUXI,2015,6,Low,Garden,Clam Garden,Clam Garden,0,0,4.66651648,53.70438668,3.316464457,29.42681431,0,0,0,0,0,8.885818067,0,0,0,Low,0,0,0,0,0,0,40,20,0,0,0,0,0,0,0,0,30,0,0,0,0,10,0,0
Calvert,NUXI,2015,7,High,Garden,Clam Garden,Clam Garden,0,0,94.02177303,1.364112589,0,4.424946821,0,0,0,0,0,0,0,0.189167556,0,High,0,0,0,0,0,0,410,11960,0,0,0,0,0,0,0,0,0,0,0,0,0,0,0,0
Calvert,NUXI,2015,8,Mid,Garden,Clam Garden,Clam Garden,0,0,2.331956588,0,88.10796289,6.548558362,0,0,0,0,0,3.011522165,0,0,0,Mid,0,0,0,0,0,0,0,0,0,0,0,0,0,0,0,0,10,0,0,0,0,0,0,0
Calvert,NUXI,2015,9,Low,Garden,Clam Garden,Clam Garden,0,0,9.979369191,0,58.1822193,20.82122579,0,0,0,0,0,6.10649115,0,4.910694569,0,Low,0,0,0,0,0,0,0,10,0,0,0,0,0,0,0,0,21,0,0,0,0,0,0,0
Calvert,NUXI,2015,11,Mid,Garden,Clam Garden,Clam Garden,0,0,8.419523525,0,77.53076872,9.724356905,0,0,0.165595721,0,0,4.159755134,0,0,0,Mid,0,0,0,0,0,10,0,180,0,0,0,0,0,0,0,0,10,0,0,0,0,0,0,0
Calvert,NUXI,2015,12,Low,Garden,Clam Garden,Clam Garden,0,0,9.490649989,0,71.83752555,17.95111531,0,0,0,0,0,0.720709148,0,0,0,Low,0,0,0,0,0,80,0,210,0,0,0,0,0,0,0,0,100,0,0,0,0,0,0,30
Calvert,NUXI,2015,14,Mid,Garden,Clam Garden,Clam Garden,0,0,8.371587594,0,77.22249919,6.280813408,0,0,0,0,0,8.125099806,0,0,0,Mid,0,0,0,0,0,0,0,90,0,0,0,0,0,0,0,0,0,0,0,0,0,0,0,0
Calvert,NUXI,2015,15,Low,Garden,Clam Garden,Clam Garden,0,0,55.98883976,0,10.28305002,18.15117052,0,0,0,0,0,15.10558708,0,0.471352623,0,Low,0,20,0,0,0,0,0,0,0,0,0,0,0,0,0,0,60,0,0,0,0,0,0,10
Calvert,TWG,2015,2,Mid,Garden,Clam Garden,Clam Garden,0,0,6.239060415,0,83.01229237,10.74864721,0,0,0,0,0,0,0,0,0,Mid,0,0,0,0,0,0,0,260,0,0,0,0,0,0,0,0,0,0,0,0,0,0,0,0
Calvert,TWG,2015,3,Low,Garden,Clam Garden,Clam Garden,0,0,50.92019069,16.0466577,0,1.81525781,0,0,30.79701852,0,0,0.420875286,0,0,0,Low,0,0,0,0,0,0,0,0,0,0,0,0,0,0,0,0,10,0,0,0,0,20,0,0
Calvert,TWG,2015,5,Mid,Garden,Clam Garden,Clam Garden,0,0,13.55947961,84.35596616,0,0.935082603,0,0,0,0,0,1.149471626,0,0,0,Mid,0,0,0,0,0,0,0,0,0,0,0,0,0,0,0,0,0,0,0,0,0,0,0,0
Calvert,TWG,2015,6,Mid,Garden,Clam Garden,Clam Garden,0,0,55.2262423,0,0,5.362557476,0,0,38.32567956,0,0,0.322674019,0,0.762846642,0,Mid,0,10,0,0,0,10,0,0,0,0,0,0,0,0,0,10,30,0,0,0,0,10,0,10
Calvert,TWG,2015,8,Mid,Garden,Clam Garden,Clam Garden,0,0,10.14485244,0,70.95663244,3.10944192,0,0,0,0,0,2.084230131,0,13.70484307,0,Mid,0,0,0,0,0,20,110,720,0,0,0,0,0,0,0,0,0,0,0,20,0,0,0,10
Calvert,TWG,2015,9,Low,Garden,Clam Garden,Clam Garden,0,0,45.76556943,7.601015684,0,6.650853587,0,0,39.98256128,0,0,0,0,0,0,Low,0,0,0,0,0,0,0,0,0,0,0,0,0,0,0,60,0,0,0,0,0,0,0,0
Calvert,TWG,2015,12,Low,Garden,Clam Garden,Clam Garden,0,0,46.94348067,0,11.32183344,10.15975236,0,0,31.45236663,0,0,0,0,0.122566906,0,Low,0,0,0,0,0,0,0,0,0,0,0,0,0,0,0,1,0,0,0,0,0,0,0,0
Calvert,TWG,2015,15,Mid,Garden,Clam Garden,Clam Garden,0,0,2.234214557,79.05798614,5.157976223,6.280815488,0,0,3.407151144,0,0,0.408304086,0,3.453552366,0,Mid,0,0,0,0,0,0,0,20,0,0,0,0,0,0,0,0,20,0,0,0,0,0,0,0
Quadra,KB11,2015,1,High,Garden,Clam Garden,Clam Garden,0,15.3123204,74.00094379,0,0,1.801922092,0,0,0,0,0,0,0,8.884813718,0,High,0,0,0,0,0,20,190,1360,0,0,0,0,0,0,0,0,0,0,0,0,0,0,0,10
Quadra,KB11,2015,2,Mid,Garden,Clam Garden,Clam Garden,0,3.571896344,2.551010833,0,83.20341201,1.059110193,0,0,0,0,0,0,0,9.614570622,0,Mid,0,0,0,0,0,0,0,410,0,0,0,0,0,0,0,0,0,0,0,0,0,0,0,10
Quadra,KB11,2015,3,Low,Garden,Clam Garden,Clam Garden,0,0,90.52265136,3.34671739,0,4.439093501,0,0,0,0,0,1.691537752,0,0,0,Low,0,0,0,0,0,10,0,320,0,0,0,0,0,0,0,0,0,0,0,0,0,0,0,0
Quadra,KB11,2015,4,High,Garden,Clam Garden,Clam Garden,0,10.52080832,69.92978706,3.581473049,0,2.646781152,0,0,0,0,0,0,0,12.99892547,0.322224952,High,0,0,0,0,0,0,320,970,20,0,0,0,0,0,0,0,0,0,0,0,0,0,0,10
Quadra,KB11,2015,5,Mid,Garden,Clam Garden,Clam Garden,0,0,41.91738784,51.75403069,0,6.328581469,0,0,0,0,0,0,0,0,0,Mid,0,0,0,0,0,0,0,230,0,0,0,0,0,0,0,0,0,0,0,0,0,0,0,10
Quadra,KB11,2015,6,Low,Garden,Clam Garden,Clam Garden,0,0,12.83547843,79.47232265,0,6.506804853,0,0,0,0,0,1.185394071,0,0,0,Low,0,0,0,0,0,20,0,240,0,0,0,0,0,0,0,0,0,0,0,0,0,0,0,0
Quadra,KB11,2015,7,High,Garden,Clam Garden,Clam Garden,0,11.64111214,68.28806086,4.38600935,0,0.71321687,0,0,0,0,0,0,0,13.31255891,1.659041874,High,0,0,0,0,0,40,290,2080,10,0,0,0,0,0,0,0,0,0,0,0,0,0,0,30
Quadra,KB11,2015,8,Mid,Garden,Clam Garden,Clam Garden,0,0,2.49795994,0,94.78081883,1.574750595,0,0,0,0,0,0,0,1.146470632,0,Mid,0,0,0,0,0,0,0,100,0,0,0,0,0,0,0,0,0,0,0,0,0,0,0,0
Quadra,KB11,2015,9,Low,Garden,Clam Garden,Clam Garden,0,4.398698635,75.43372092,18.2070437,0,1.960536739,0,0,0,0,0,0,0,0,0,Low,0,0,0,0,0,40,100,2130,0,0,0,0,0,0,0,0,0,0,0,0,0,0,0,0
Quadra,KB11,2015,11,Mid,Garden,Clam Garden,Clam Garden,0,0,38.23870996,0,55.20038691,6.560903137,0,0,0,0,0,0,0,0,0,Mid,0,0,0,0,0,20,0,660,0,0,0,0,0,0,0,0,0,0,0,0,0,0,0,0
Quadra,KB11,2015,12,Low,Garden,Clam Garden,Clam Garden,0,0,91.94570591,0,0,5.84603584,0,0,0,0,0,0,0,2.208258248,0,Low,0,0,0,0,0,130,330,2550,10,0,0,0,0,0,0,0,0,0,0,0,0,0,0,10
Quadra,KB11,2015,14,Mid,Garden,Clam Garden,Clam Garden,0,0,66.0178815,0,28.99235963,3.380438214,0,0,0,0,0,0,0,1.317485645,0.29183501,Mid,0,0,0,0,0,40,180,1780,10,0,0,0,0,0,0,0,0,0,0,0,0,0,0,60
Quadra,KB11,2015,15,Low,Garden,Clam Garden,Clam Garden,0,0,21.49475975,0,0,77.17959627,0,0,0,0,0,0.173403565,0,0,1.152240417,Low,0,0,10,0,0,10,70,2310,10,0,0,0,0,0,0,0,0,0,0,0,0,0,0,0
Quadra,KB25,2015,1,High,Garden,Clam Garden,Clam Garden,0,0,86.67629357,8.522000177,0,0.838724958,0,0,0,0,0,1.827104521,0,1.135386303,1.000490469,High,0,0,0,0,0,0,400,990,10,0,0,0,0,0,0,0,0,0,0,0,0,0,0,0
Quadra,KB25,2015,2,Mid,Garden,Clam Garden,Clam Garden,0,0,93.1948906,3.781036793,0,3.02407261,0,0,0,0,0,0,0,0,0,Mid,0,0,0,0,0,160,120,1220,50,0,0,0,0,110,0,0,0,0,0,0,0,0,0,10
Quadra,KB25,2015,3,Low,Garden,Clam Garden,Clam Garden,0,0,12.14663314,65.01410504,0,7.562718855,0,0,0,0,0,15.27654297,0,0,0,Low,0,0,0,0,0,40,0,40,0,0,0,0,0,0,0,0,0,0,0,0,0,30,0,10
Quadra,KB25,2015,4,High,Garden,Clam Garden,Clam Garden,0,3.725969365,85.37089126,5.919493351,0,0.289436135,0,0,0,0,0,0,0,2.994905144,1.699304744,High,0,0,0,0,0,10,340,1670,0,0,0,0,0,0,0,0,0,0,0,0,0,0,0,0
Quadra,KB25,2015,5,Mid,Garden,Clam Garden,Clam Garden,0,0,97.70728534,0,0,2.179135553,0,0,0,0,0,0,0,0,0.11357911,Mid,0,10,0,0,0,290,90,1210,40,0,0,0,0,0,10,0,0,0,0,0,0,0,0,100
Quadra,KB25,2015,6,Low,Garden,Clam Garden,Clam Garden,0,1.083711257,85.62282402,9.497311046,0,3.796153674,0,0,0,0,0,0,0,0,0,Low,0,0,0,0,0,100,0,150,0,0,0,0,0,10,0,0,0,0,0,0,0,0,0,0
Quadra,KB25,2015,7,High,Garden,Clam Garden,Clam Garden,0,0,8.150735802,85.05330254,0,2.11382877,0,0,0,0,0,0,0,4.682132886,0,High,0,0,0,0,0,30,40,100,10,0,0,0,0,0,0,0,0,0,0,0,0,0,0,10
Quadra,KB25,2015,8,Mid,Garden,Clam Garden,Clam Garden,0,0,9.363627177,0,86.15089389,4.256894141,0,0,0,0,0,0.039894516,0,0,0.188690278,Mid,0,0,0,0,0,0,0,20,0,0,0,0,0,0,0,0,0,0,0,0,0,0,0,0
Quadra,KB25,2015,9,Low,Garden,Clam Garden,Clam Garden,0,1.887018786,92.35437905,0,0,5.758602165,0,0,0,0,0,0,0,0,0,Low,0,0,0,0,0,90,20,1570,0,0,0,0,0,0,0,0,0,0,0,0,0,0,0,10
Quadra,KB25,2015,10,High,Garden,Clam Garden,Clam Garden,0,0,44.8086598,0,46.14797018,9.043370025,0,0,0,0,0,0,0,0,0,High,0,0,0,0,0,0,30,620,0,0,0,0,0,0,0,0,0,0,0,0,0,0,0,10
Quadra,KB25,2015,11,Mid,Garden,Clam Garden,Clam Garden,0,0,10.50617257,81.79072759,0,7.333660695,0,0,0,0,0,0,0,0.36943914,0,Mid,0,0,0,0,0,0,0,190,0,0,0,0,0,0,0,0,0,0,0,0,0,0,0,0
Quadra,KB25,2015,12,Low,Garden,Clam Garden,Clam Garden,0,0,91.15885839,2.941240185,0,5.899901428,0,0,0,0,0,0,0,0,0,Low,0,0,0,0,0,140,0,2820,0,0,0,0,0,0,0,0,0,0,0,0,0,0,0,0
Quadra,KB25,2015,13,High,Garden,Clam Garden,Clam Garden,0,0,30.46615781,0,64.41508791,4.184182605,0,0,0,0,0,0,0,0.934571678,0,High,0,0,0,0,0,10,20,20,0,0,0,0,0,0,0,0,0,0,0,0,0,0,0,0
Quadra,KB25,2015,14,Mid,Garden,Clam Garden,Clam Garden,0,0,63.51510405,25.62464772,0,9.655750318,0,0,0,0,0,0,0,1.204497918,0,Mid,0,0,0,0,0,220,90,1900,0,0,0,0,0,0,0,0,0,0,0,0,0,0,0,90
Quadra,KB25,2015,15,Low,Garden,Clam Garden,Clam Garden,0,0,77.52352001,0,0,22.47647999,0,0,0,0,0,0,0,0,0,Low,0,0,0,0,0,50,0,990,0,0,0,0,0,0,0,0,0,0,0,0,0,0,0,30
Quadra,KB7,2015,1,High,Garden,Clam Garden,Clam Garden,0,0,97.65309727,0,0,0,0,0,0,0,0,1.566150328,0,0.780752405,0,High,0,0,0,0,0,10,210,290,0,0,0,0,0,0,0,0,0,0,0,0,0,0,0,90
Quadra,KB7,2015,2,Mid,Garden,Clam Garden,Clam Garden,0,2.91265727,87.73536835,3.211144084,0,3.380160516,0,0,0,0,0,0,0,2.760669778,0,Mid,0,0,0,0,0,20,110,1530,0,0,0,0,0,0,0,0,0,0,0,0,0,0,0,40
Quadra,KB7,2015,3,Low,Garden,Clam Garden,Clam Garden,0,5.437598482,45.8616759,0,0,44.73165811,0,0,0,0,0,1.83594836,2.133119141,0,0,Low,0,0,0,0,0,20,10,810,0,0,0,0,10,0,0,0,0,0,0,0,0,0,0,20
Quadra,KB7,2015,4,High,Garden,Clam Garden,Clam Garden,0,2.67756141,95.09941105,0,0,1.79421441,0,0,0,0,0,0,0,0,0.42881313,High,0,0,0,0,0,40,270,660,0,0,0,0,0,0,0,0,0,0,0,0,0,0,0,30
Quadra,KB7,2015,5,Mid,Garden,Clam Garden,Clam Garden,0,0,84.83013532,0,0,15.16986468,0,0,0,0,0,0,0,0,0,Mid,0,0,0,0,0,30,60,550,50,0,0,0,0,0,0,0,0,0,0,0,0,0,0,0
Quadra,KB7,2015,6,Low,Garden,Clam Garden,Clam Garden,0,13.26293421,75.04167364,0,0,7.916820232,0,0,0,0,0,3.039411879,0,0.739160041,0,Low,0,0,0,0,0,140,10,5240,0,0,0,0,0,0,10,0,0,0,0,0,0,0,0,0
Quadra,KB7,2015,7,High,Garden,Clam Garden,Clam Garden,0,4.380060217,85.67152341,0,0,7.352006521,0,0,0,0,0,0,0,2.596409849,0,High,0,0,0,0,0,0,240,100,0,0,0,0,0,0,0,0,0,0,0,0,0,0,0,10
Quadra,KB7,2015,8,Mid,Garden,Clam Garden,Clam Garden,0,11.27514064,79.93130925,0,0,5.227757091,0,0,0,0,0,0,0,3.565793019,0,Mid,0,0,0,0,0,230,10,3620,20,0,0,0,0,0,0,0,0,0,0,0,0,0,0,20
Quadra,KB7,2015,9,Low,Garden,Clam Garden,Clam Garden,0,0,21.84326371,0,0,77.7218373,0,0,0,0,0,0.434898987,0,0,0,Low,0,0,0,0,0,20,0,0,0,0,0,0,0,0,0,0,0,0,0,0,0,0,0,0
Quadra,KB7,2015,10,High,Garden,Clam Garden,Clam Garden,0,0,95.73858852,0,0,4.261411479,0,0,0,0,0,0,0,0,0,High,0,0,0,0,0,0,550,460,20,0,0,0,0,0,0,0,0,0,0,0,0,0,0,20
Quadra,KB7,2015,11,Mid,Garden,Clam Garden,Clam Garden,0,4.470819723,85.20573426,0,0,9.982959632,0,0,0,0,0,0,0,0.340486383,0,Mid,0,0,0,0,0,140,10,1790,0,0,0,0,0,0,0,0,0,0,0,0,0,0,0,30
Quadra,KB7,2015,13,High,Garden,Clam Garden,Clam Garden,0,0,96.41920506,0,0,3.097616942,0,0,0.245498441,0,0,0,0,0,0.237679558,High,0,0,0,0,0,70,680,2390,0,0,0,0,0,0,0,0,0,0,0,0,0,0,0,30
Quadra,KB7,2015,14,Mid,Garden,Clam Garden,Clam Garden,0,0,91.59280424,0,0,8.407195761,0,0,0,0,0,0,0,0,0,Mid,0,0,0,0,0,220,80,760,70,0,0,0,0,0,0,0,0,0,0,0,0,0,0,0
Calvert,CGNetwork,2016,1,Mid,Garden,Clam Garden,Clam Garden,0,0,0.846801654,53.83267961,0,6.231283682,0,0,0,0,0,37.94590058,0,1.143334477,0,Mid,0,0,0,0,0,0,0,0,0,0,0,0,0,0,0,0,0,0,0,0,0,0,0,0
Calvert,CGNetwork,2016,2,Mid,Garden,Clam Garden,Clam Garden,0,0,0,27.48448184,0,5.470271822,0,0,0,0,0,22.74379063,0,3.838115606,40.4633401,Mid,0,20,0,0,0,0,0,0,0,0,0,0,0,0,0,0,0,0,0,0,0,0,0,20
Calvert,CGNetwork,2016,3,Mid,Garden,Clam Garden,Clam Garden,0,0,8.814743888,0,0,83.12193679,0,0,0,0,0,8.063319326,0,0,0,Mid,0,0,0,0,0,10,80,700,0,0,0,0,0,0,0,0,0,0,0,0,0,0,0,10
Calvert,NUXI,2016,1,Mid,Garden,Clam Garden,Clam Garden,0,0,65.95201583,11.10054775,0,12.47175678,0,0,0,0,0,0,0,10.47567964,0,Mid,0,0,0,0,0,10,500,3700,10,0,0,0,0,0,0,0,0,0,0,0,0,0,0,10
Calvert,NUXI,2016,2,Mid,Garden,Clam Garden,Clam Garden,0,1.89829078,81.32275394,0,0,16.77895528,0,0,0,0,0,0,0,0,0,Mid,0,0,0,0,0,0,400,4550,0,20,0,0,0,0,0,0,0,0,0,0,0,0,0,0
Calvert,NUXI,2016,3,Mid,Garden,Clam Garden,Clam Garden,0,0,5.754171346,62.44016215,0,5.25038879,0,0,0,0,0,24.79053966,0,1.764738057,0,Mid,0,0,0,0,0,0,0,0,0,0,0,0,0,0,0,0,0,0,0,0,0,120,0,0
Calvert,NUXI,2016,4,Mid,Garden,Clam Garden,Clam Garden,0,0,7.163088316,52.0056417,0,12.79437815,0,0,0,0,0,28.03689184,0,0,0,Mid,0,0,0,0,0,10,40,0,0,0,0,0,0,0,0,0,0,0,0,0,0,0,0,0
Calvert,NUXI,2016,5,Mid,Garden,Clam Garden,Clam Garden,0,0,19.30178937,0,51.01293784,18.55834791,0,0,0,0,0,11.12692488,0,0.346133241,0,Mid,0,0,0,0,0,0,0,0,0,0,0,0,0,0,0,0,0,0,0,0,0,0,0,0
Calvert,TWG,2016,1,Mid,Garden,Clam Garden,Clam Garden,0,5.564796396,3.872592841,0,60.70653077,5.189070259,0,0,0,0,0,23.42826223,0,1.238747501,0,Mid,0,0,0,0,0,0,0,560,0,0,0,0,0,0,0,0,0,0,0,0,0,0,0,0
Calvert,TWG,2016,2,Mid,Garden,Clam Garden,Clam Garden,0,5.456919138,4.658525993,0,34.86076007,4.807947362,0,0,0,0,0,50.21584744,0,0,0,Mid,0,0,0,0,0,0,0,50,0,0,0,0,0,0,0,0,20,0,0,0,0,0,0,0
Calvert,TWG,2016,3,Mid,Garden,Clam Garden,Clam Garden,0,0,4.04930667,17.44947286,0,78.50122047,0,0,0,0,0,0,0,0,0,Mid,0,0,0,0,0,0,0,260,0,0,0,0,0,0,0,0,10,0,0,0,0,0,0,0
Calvert,TWG,2016,4,Mid,Garden,Clam Garden,Clam Garden,0,0,12.07830129,17.0188716,0,2.313745813,0,0,0,0,0,68.5890813,0,0,0,Mid,0,0,0,0,0,0,0,0,0,0,0,0,0,0,0,0,50,0,0,0,0,0,0,0
Calvert,TWG,2016,5,Mid,Garden,Clam Garden,Clam Garden,0,8.339395322,36.42538312,21.7340082,0,2.16774221,0,0,0,0,0,31.33347115,0,0,0,Mid,0,0,0,0,0,0,10,90,0,0,0,0,0,0,0,0,0,0,0,0,0,0,0,0
Quadra,KB11,2016,1,Mid,Garden,Clam Garden,Clam Garden,0,1.851371275,8.866902493,53.03348763,0,3.23369943,0,0,0,0,0,33.01453917,0,0,0,Mid,0,10,0,0,0,50,10,200,0,0,0,0,0,0,0,0,0,0,0,0,0,0,0,0
Quadra,KB11,2016,2,Mid,Garden,Clam Garden,Clam Garden,0,0,1.67809608,93.92647599,0,2.317525157,0,0,0,0,0,2.077902774,0,0,0,Mid,0,0,0,0,0,0,0,10,0,0,0,0,0,0,0,0,0,0,0,0,0,0,0,0
Quadra,KB11,2016,4,Mid,Garden,Clam Garden,Clam Garden,0,3.991850349,86.37033035,0,7.171781063,1.66479251,0,0,0,0,0,0.801245728,0,0,0,Mid,0,0,0,0,0,90,10,1140,0,0,0,0,0,0,0,0,0,0,0,0,0,0,0,0
Quadra,KB11,2016,5,Mid,Garden,Clam Garden,Clam Garden,0,1.623766291,88.73131193,2.63983588,0,5.274925954,0,0,0,0,0,1.730159942,0,0,0,Mid,0,50,0,0,0,30,0,740,0,0,0,0,0,0,0,0,0,0,0,0,0,0,0,10
Quadra,KB25,2016,1,Mid,Garden,Clam Garden,Clam Garden,0,0,98.73600752,0.315998121,0,0.947994363,0,0,0,0,0,0,0,0,0,Mid,0,0,0,0,0,120,70,1310,10,0,0,0,0,0,0,0,0,0,0,0,0,0,0,0
Quadra,KB25,2016,2,Mid,Garden,Clam Garden,Clam Garden,0,0,2.709925334,92.12906431,0,5.161010358,0,0,0,0,0,0,0,0,0,Mid,0,0,0,0,0,0,0,0,0,0,0,0,0,0,0,0,0,0,0,0,0,0,0,0
Quadra,KB25,2016,3,Mid,Garden,Clam Garden,Clam Garden,0,0,89.75029137,0,2.921407259,7.201603675,0,0,0,0,0,0.126697694,0,0,0,Mid,0,0,0,0,0,110,0,790,0,0,0,0,0,0,0,0,0,0,0,0,0,0,0,0
Quadra,KB25,2016,4,Mid,Garden,Clam Garden,Clam Garden,0,0,85.29536592,1.245338856,0,13.45929522,0,0,0,0,0,0,0,0,0,Mid,0,0,0,0,0,750,80,3200,40,0,0,0,0,10,0,0,0,0,0,0,0,0,0,20
Quadra,KB25,2016,5,Mid,Garden,Clam Garden,Clam Garden,0,4.197001545,6.799971099,0,78.03481029,10.96821707,0,0,0,0,0,0,0,0,0,Mid,0,0,0,0,0,200,0,330,0,0,0,0,0,0,0,0,0,0,0,0,0,0,0,10
Quadra,KB7,2016,1,Mid,Garden,Clam Garden,Clam Garden,0,2.198336531,90.5280272,0,0,7.273636267,0,0,0,0,0,0,0,0,0,Mid,0,0,0,0,0,110,340,1760,0,0,0,0,0,0,0,0,0,0,0,0,0,0,0,80
Quadra,KB7,2016,2,Mid,Garden,Clam Garden,Clam Garden,0,13.72934915,75.98352238,0,0,9.868929826,0,0,0,0,0,0,0,0.418198646,0,Mid,0,0,10,0,0,620,570,4380,10,0,0,0,0,10,0,0,0,0,0,0,0,0,0,150
Quadra,KB7,2016,3,Mid,Garden,Clam Garden,Clam Garden,0,10.11711729,56.92439779,0,0,32.95848491,0,0,0,0,0,0,0,0,0,Mid,0,0,10,0,0,470,300,4060,0,0,0,0,0,10,10,0,0,0,0,0,0,0,0,120
Quadra,KB7,2016,4,Mid,Garden,Clam Garden,Clam Garden,0,0,94.88311085,0,0,5.116889148,0,0,0,0,0,0,0,0,0,Mid,0,0,0,0,0,120,90,800,0,0,0,0,0,0,0,0,0,0,0,0,0,0,0,40
Quadra,KB7,2016,5,Mid,Garden,Clam Garden,Clam Garden,0,0,92.65866894,3.61853068,0,3.722800378,0,0,0,0,0,0,0,0,0,Mid,0,0,0,0,0,180,120,610,0,0,0,0,0,0,0,0,0,0,0,0,0,0,0,0
Calvert,HeadCGinlet,2015,2,Mid,Garden,Reference,Garden Reference,0,10.001123,33.04285538,0,55.53744871,1.368725327,0,0,0,0,0.049847581,0,0,0,0,Mid,0,0,0,0,0,100,0,1880,0,0,0,0,0,40,0,0,0,0,0,0,0,0,0,0
Calvert,HeadCGinlet,2015,3,Low,Garden,Reference,Garden Reference,0,0,0,0,95.58431196,4.415688037,0,0,0,0,0,0,0,0,0,Low,0,0,0,0,0,0,0,0,0,0,0,0,0,0,0,0,0,0,0,0,0,0,0,0
Calvert,HeadCGinlet,2015,5,Mid,Garden,Reference,Garden Reference,0,6.491069567,18.89931066,0,72.34362841,2.265991368,0,0,0,0,0,0,0,0,0,Mid,0,0,0,0,0,40,10,2620,60,0,0,0,0,0,0,0,0,0,0,0,0,0,0,0
Calvert,HeadCGinlet,2015,6,Low,Garden,Reference,Garden Reference,0,0,3.094401529,0,84.69240283,12.21319564,0,0,0,0,0,0,0,0,0,Low,0,0,0,0,0,0,70,0,0,0,0,0,0,0,0,0,0,0,0,0,0,0,0,0
Calvert,HeadCGinlet,2015,8,Mid,Garden,Reference,Garden Reference,0,0,2.154564589,0,96.85160342,0.849431022,0,0,0,0,0,0.144400965,0,0,0,Mid,0,0,0,0,0,0,0,0,0,0,0,0,0,0,0,0,0,0,0,0,0,0,0,0
Calvert,HeadCGinlet,2015,9,Low,Garden,Reference,Garden Reference,0,0,0.781750074,0,87.11540446,8.080388044,0,0,0,0,0,3.253967538,0,0,0.768489886,Low,0,0,0,0,0,0,0,0,0,0,0,0,0,0,0,0,0,0,0,0,0,0,0,0
Calvert,HeadCGinlet,2015,11,Mid,Garden,Reference,Garden Reference,0,0,11.09561663,0,59.62412331,0.842891548,0,0,0,0,0,28.12781138,0,0.30955713,0,Mid,0,0,0,0,0,0,0,30,10,0,0,0,0,0,0,0,0,0,0,0,0,0,0,0
Calvert,HeadCGinlet,2015,12,Low,Garden,Reference,Garden Reference,0,0,1.387173037,0,90.29693426,8.315892707,0,0,0,0,0,0,0,0,0,Low,0,0,0,0,0,0,0,0,0,0,0,0,0,0,0,0,0,0,0,0,0,0,0,0
Calvert,HeadCGinlet,2015,14,Mid,Garden,Reference,Garden Reference,0,0,4.446572708,0,67.79515306,5.394638295,0,0,14.8397705,3.196095188,0,1.95589362,0,2.371876624,0,Mid,0,0,0,0,0,0,0,320,0,0,0,0,0,0,0,0,0,0,0,0,0,0,0,0
Calvert,HeadCGinlet,2015,15,Low,Garden,Reference,Garden Reference,0,0,1.149831168,0,93.7977158,4.436169716,0,0,0,0,0,0.616283312,0,0,0,Low,0,0,0,0,0,0,0,0,0,0,0,0,0,0,0,0,0,0,0,0,0,0,0,0
Calvert,MBR,2015,1,High,Garden,Reference,Garden Reference,0,0,76.60724617,20.97176109,0,2.103114127,0,0,0,0,0,0,0,0.317878612,0,High,0,0,0,0,0,0,0,2220,10,0,0,0,0,0,0,0,0,0,0,0,0,0,0,0
Calvert,MBR,2015,2,Mid,Garden,Reference,Garden Reference,0,0,7.305516557,0,88.22016049,3.965769266,0,0,0,0,0,0.508553686,0,0,0,Mid,0,0,0,0,0,0,10,650,20,0,0,0,0,0,0,0,0,0,0,0,0,0,0,0
Calvert,MBR,2015,3,Low,Garden,Reference,Garden Reference,0,0,1.599048247,0,93.46705876,4.045660168,0,0,0.888232827,0,0,0,0,0,0,Low,0,0,0,0,0,0,0,20,10,0,0,0,0,0,0,0,10,0,0,0,0,0,0,0
Calvert,MBR,2015,4,High,Garden,Reference,Garden Reference,0,0,8.893163335,0,85.09717281,3.37592872,0,0,0,0,0,2.63373514,0,0,0,High,0,0,0,0,0,0,10,40,0,0,0,0,0,0,0,0,0,0,0,0,0,0,0,0
Calvert,MBR,2015,5,Mid,Garden,Reference,Garden Reference,0,0,4.447672955,0,40.81724848,4.678717324,0,0,0,0,0,50.05636124,0,0,0,Mid,0,0,0,0,0,0,0,0,0,0,0,0,0,0,0,0,0,0,0,0,0,0,0,0
Calvert,MBR,2015,6,Low,Garden,Reference,Garden Reference,0,0,0,0,1.145818212,1.464557385,0,0,0,0,0,97.3896244,0,0,0,Low,0,0,0,10,0,0,0,0,30,0,0,0,0,0,0,0,0,0,0,0,0,0,0,0
Calvert,MBR,2015,7,High,Garden,Reference,Garden Reference,0,0,0,0,0,0,0,0,0,0,0,100,0,0,0,High,0,0,0,0,0,0,0,10,0,0,0,0,0,0,0,0,0,0,0,0,0,0,0,0
Calvert,MBR,2015,8,Mid,Garden,Reference,Garden Reference,0,0,86.85656147,0,3.122254939,9.520773027,0,0,0,0,0,0,0,0,0.500410567,Mid,0,0,0,0,0,20,50,1340,10,0,0,0,0,0,0,0,0,0,0,0,0,0,0,0
Calvert,MBR,2015,9,Low,Garden,Reference,Garden Reference,0,0,0,0,38.32132969,4.337794997,0,0,0,0,0,57.34087531,0,0,0,Low,0,0,0,0,0,10,0,0,0,0,0,0,0,0,0,0,0,0,0,0,0,0,0,0
Calvert,MBR,2015,10,High,Garden,Reference,Garden Reference,0,0,5.444666282,0,92.77637498,1.778958738,0,0,0,0,0,0,0,0,0,High,0,0,0,0,0,0,10,100,10,0,0,0,0,0,0,0,0,0,0,0,0,0,0,0
Calvert,MBR,2015,11,Mid,Garden,Reference,Garden Reference,0,0,0,0,0,0,0,0,0,0,0,100,0,0,0,Mid,0,0,0,0,0,0,0,0,0,0,0,0,0,0,0,0,0,0,0,0,0,0,0,0
Calvert,MBR,2015,12,Low,Garden,Reference,Garden Reference,0,0,0,0,0,5.6204419,0,0,4.556139508,0,0,89.82341859,0,0,0,Low,0,0,0,0,0,0,0,0,0,0,0,0,0,0,0,0,0,0,0,0,0,0,0,0
Calvert,MBR,2015,13,High,Garden,Reference,Garden Reference,0,0,23.96828245,0,73.27773365,2.753983902,0,0,0,0,0,0,0,0,0,High,0,0,0,0,0,0,0,10,0,0,0,0,0,0,0,0,0,0,0,0,0,0,0,0
Calvert,MBR,2015,14,Mid,Garden,Reference,Garden Reference,0,0,0,0,2.872475731,3.081949714,0,0,0,0,0,94.04557456,0,0,0,Mid,0,0,0,0,0,0,0,0,0,0,0,0,0,0,0,0,0,0,0,0,10,0,0,0
Calvert,MBR,2015,15,Low,Garden,Reference,Garden Reference,0,0,0.675000084,0,77.54466054,7.735656469,0,0,0,0,0,14.04468291,0,0,0,Low,0,0,0,0,0,0,0,0,0,0,0,0,0,0,0,0,0,0,0,0,0,0,0,0
Calvert,Piles,2015,1,High,Garden,Reference,Garden Reference,0,0,1.244501792,0,96.35205098,2.40344723,0,0,0,0,0,0,0,0,0,High,0,0,0,0,0,0,0,0,0,0,0,0,0,0,0,0,0,0,0,0,0,0,0,0
Calvert,Piles,2015,2,Mid,Garden,Reference,Garden Reference,0,0,0,0,87.09765873,4.909480146,0,0,0,0,0,7.992861121,0,0,0,Mid,0,0,0,0,0,0,0,60,0,0,0,0,0,0,0,0,0,0,0,0,0,0,0,0
Calvert,Piles,2015,4,High,Garden,Reference,Garden Reference,0,0,19.08362339,0,70.80500168,6.267796306,0,0,0,0,0,3.843578627,0,0,0,High,0,0,0,0,0,0,0,500,0,0,0,0,0,0,0,0,0,0,0,0,0,0,0,0
Calvert,Piles,2015,5,Mid,Garden,Reference,Garden Reference,0,0,0.216414685,0,71.23161589,0.989536991,0,0,17.68349004,0,0,9.770995324,0,0,0.107947069,Mid,0,0,0,0,0,0,0,0,0,0,0,0,0,0,0,0,0,0,0,0,0,0,0,0
Calvert,Piles,2015,7,High,Garden,Reference,Garden Reference,0,0,1.588905098,0,95.74586001,2.665234892,0,0,0,0,0,0,0,0,0,High,0,0,0,0,0,0,0,30,0,0,0,0,0,0,0,0,0,0,0,0,0,0,0,0
Calvert,Piles,2015,8,Mid,Garden,Reference,Garden Reference,0,0,0.390326407,0,86.78501175,0.466306267,0,0,0,0,0,12.35835557,0,0,0,Mid,0,0,0,0,0,0,0,0,10,0,0,0,0,0,0,0,0,0,0,0,0,0,0,0
Calvert,Piles,2015,10,High,Garden,Reference,Garden Reference,0,0,11.29530577,0,86.78860546,1.868593389,0,0,0,0,0,0,0,0.047495383,0,High,0,0,0,0,0,0,0,0,0,0,0,0,0,0,0,0,0,0,0,0,0,0,0,0
Calvert,Piles,2015,11,Mid,Garden,Reference,Garden Reference,0,0,42.46198072,0,0,2.255149694,0,0,0,0,0,55.28286958,0,0,0,Mid,0,0,0,0,0,0,0,0,0,0,0,0,0,0,0,0,20,0,0,0,0,0,0,10
Calvert,Piles,2015,13,High,Garden,Reference,Garden Reference,0,0,1.363357913,0,94.99581298,1.912194781,0,0,0,0,0,1.728634325,0,0,0,High,0,0,0,0,0,0,0,0,0,0,0,0,0,0,0,0,0,0,0,0,0,0,0,0
Calvert,Piles,2015,14,Mid,Garden,Reference,Garden Reference,0,0,0,0,4.094777263,0.377835985,0,0,0,0,0,95.52738675,0,0,0,Mid,0,0,0,10,0,0,0,0,0,0,0,0,0,0,0,0,30,0,0,0,90,0,10,0
Quadra,KB08,2015,2,Mid,Garden,Reference,Garden Reference,0,0,79.53766944,3.029670213,4.801243152,12.24231811,0,0,0,0,0,0,0,0.389099084,0,Mid,0,0,0,0,0,40,10,1060,0,0,0,0,0,0,0,0,0,0,0,0,0,0,0,0
Quadra,KB08,2015,5,Mid,Garden,Reference,Garden Reference,0,0,88.55241492,0,9.119619451,2.327965624,0,0,0,0,0,0,0,0,0,Mid,0,0,0,0,0,60,0,770,0,0,0,0,0,0,0,0,0,0,0,0,0,0,0,40
Quadra,KB08,2015,8,Mid,Garden,Reference,Garden Reference,0,11.51096926,58.6405033,24.90908405,0,4.939443384,0,0,0,0,0,0,0,0,0,Mid,0,0,0,0,0,10,60,1020,0,0,0,0,0,0,0,0,0,0,0,0,0,0,0,60
Quadra,KB08,2015,11,Mid,Garden,Reference,Garden Reference,0,11.1074411,81.18309663,0,4.555115607,3.154346659,0,0,0,0,0,0,0,0,0,Mid,0,0,0,0,0,10,90,1560,0,0,0,0,0,0,0,0,0,0,0,0,0,0,0,30
Quadra,KB08,2015,14,Mid,Garden,Reference,Garden Reference,0,0,85.27524474,10.44368496,0,4.281070295,0,0,0,0,0,0,0,0,0,Mid,0,20,0,0,0,0,0,210,0,0,0,0,0,0,0,0,0,0,0,0,0,0,0,10
Quadra,KB11REF,2015,1,Mid,Garden,Reference,Garden Reference,0,7,82,0,0,10,0,0,0,0,0,0,0,0,1,Mid,0,0,0,0,0,30,0,890,0,0,0,0,0,0,0,0,0,0,0,0,0,0,0,0
Quadra,KB11REF,2015,2,Mid,Garden,Reference,Garden Reference,0,0,97,0,0,2,0,0,0,0,0,1,0,0,0,Mid,0,0,0,0,0,0,0,550,0,0,0,0,0,0,0,0,0,0,0,0,0,0,0,0
Quadra,KB11REF,2015,5,Mid,Garden,Reference,Garden Reference,0,0,64,15,0,20,0,0,0,0,0,0,0,0,1,Mid,0,0,0,0,0,110,10,2250,10,0,0,0,0,0,0,0,0,0,0,0,0,0,0,0
Quadra,KB11REF,2015,8,Mid,Garden,Reference,Garden Reference,0,0,85,7,0,7,0,0,0,0,0,0,0,0,1,Mid,0,0,0,0,0,120,0,1020,0,0,0,0,0,0,0,0,0,0,0,0,0,0,0,0
Quadra,SWC,2015,R1,Mid,Garden,Reference,Garden Reference,0,3.762735205,56.11389127,12.26309413,0,0,0,0,0,0,0,0,0,27.8602794,0,Mid,0,0,0,0,0,120,530,2590,40,0,0,0,0,10,0,0,0,0,0,0,0,0,0,20
Quadra,SWC,2015,R2,Mid,Garden,Reference,Garden Reference,0,0,94.33723415,0,0,0,0,0,0,0,0,0,0,2.671637299,2.991128554,Mid,0,20,0,0,0,60,140,1710,0,0,0,0,0,0,0,0,0,0,0,0,0,0,0,60
Quadra,SWC,2015,R3,Mid,Garden,Reference,Garden Reference,0,0,87.50749559,4.885442942,0,1.397427478,0,0,0,0,0,0,0,5.640414995,0.569218997,Mid,0,0,0,0,0,200,40,1330,40,0,0,0,0,0,10,0,0,0,0,0,0,0,0,50
Quadra,SWC,2015,R4,Mid,Garden,Reference,Garden Reference,0,7.551872309,41.38155002,49.15776411,0,0.318293267,0,0,0,0,0,0,0,0,1.590520295,Mid,0,0,0,0,0,270,100,3580,0,0,0,0,0,0,0,0,0,0,0,0,0,0,0,60
Quadra,SWC,2015,R5,Mid,Garden,Reference,Garden Reference,0,0,84.73217354,0,0,0,0,0,0,0,0,0,0,10.3719807,4.895845765,Mid,0,0,0,0,0,120,80,1780,0,0,0,0,0,0,50,0,0,0,0,0,0,0,0,60
Calvert,HeadCGinlet,2016,1,High,Garden,Reference,Garden Reference,0,5.025861066,4.72992695,0,83.02265836,0,0,0,4.248823625,0,0,0.982327804,0,1.990402194,0,High,0,0,0,0,0,0,10,220,0,0,0,0,0,0,0,0,0,0,0,0,0,0,0,0
Calvert,HeadCGinlet,2016,3,Low,Garden,Reference,Garden Reference,0,0,2.151180835,0,95.98816883,1.620980496,0,0,0,0,0,0,0,0.239669836,0,Low,0,0,0,0,0,0,0,30,0,0,0,0,0,0,0,0,0,0,0,0,0,0,0,0
Calvert,HeadCGinlet,2016,4,High,Garden,Reference,Garden Reference,0,17.43225273,68.8034948,0,12.70119956,0,0,0,0,0,0,0,0,1.06305291,0,High,0,0,0,0,0,60,110,1180,70,0,0,0,0,0,0,0,0,0,0,0,0,0,0,0
Calvert,HeadCGinlet,2016,6,Low,Garden,Reference,Garden Reference,0,0,0.65181433,0,88.3449949,5.393605883,0,0,0,0,0,5.609584891,0,0,0,Low,0,0,0,20,0,0,0,0,0,0,0,0,0,0,0,0,10,0,0,0,0,0,0,0
Calvert,HeadCGinlet,2016,7,High,Garden,Reference,Garden Reference,0,1.4035896,11.8077935,0,79.80816143,0.360468888,0,0,0.115409215,0,0,0,0,6.50457737,0,High,0,0,0,0,0,10,160,290,10,0,0,0,0,0,0,0,0,0,0,0,0,0,0,10
Calvert,HeadCGinlet,2016,8,Mid,Garden,Reference,Garden Reference,0,0,39.60621608,0,59.86751136,0.526272563,0,0,0,0,0,0,0,0,0,Mid,0,20,0,0,0,40,50,760,60,0,0,0,0,0,0,0,0,0,0,0,0,0,0,0
Calvert,HeadCGinlet,2016,9,Low,Garden,Reference,Garden Reference,0,0,0.263953499,0,75.24581406,2.42668045,0,0,0,0,0,22.06355199,0,0,0,Low,0,0,0,0,0,10,20,60,0,0,0,0,0,0,0,0,0,0,0,0,0,0,0,0
Calvert,HeadCGinlet,2016,10,High,Garden,Reference,Garden Reference,0,0,17.90683849,0,76.30677269,0,0,0,5.786388818,0,0,0,0,0,0,High,0,0,0,0,0,10,0,320,0,0,0,0,0,0,0,0,0,0,0,0,0,0,0,0
Calvert,HeadCGinlet,2016,11,Mid,Garden,Reference,Garden Reference,0,0,0,0,5.745079495,2.704080962,0,0,0,0,0,91.55083954,0,0,0,Mid,0,0,0,0,0,0,0,0,0,0,0,0,0,0,0,0,0,0,0,0,0,0,0,0
Calvert,HeadCGinlet,2016,12,Low,Garden,Reference,Garden Reference,0,0,1.078117703,0,90.33745054,6.10299055,0,0,0,0,0,2.481441208,0,0,0,Low,0,0,0,0,0,0,0,10,0,0,0,0,0,0,0,0,0,0,0,0,0,0,0,0
Calvert,HeadCGinlet,2016,13,High,Garden,Reference,Garden Reference,0,0,67.38071053,7.456941198,0,7.064904899,0,0,17.46529154,0,0,0,0,0.632151835,0,High,0,0,0,0,0,0,0,120,0,0,0,0,0,0,0,0,0,0,0,0,0,0,0,0
Calvert,HeadCGinlet,2016,15,Low,Garden,Reference,Garden Reference,0,0,1.784193986,0,41.10557676,23.36643473,0,0,0,0,0,33.74379452,0,0,0,Low,0,0,0,10,0,0,20,0,0,0,0,0,0,0,0,0,20,0,0,0,0,0,0,10
Calvert,MBR,2016,1,High,Garden,Reference,Garden Reference,0,0,0.398646922,0,99.19368684,0,0,0,0,0,0,0.407666237,0,0,0,High,0,0,0,0,0,0,0,140,0,0,0,0,0,0,0,0,0,0,0,0,0,0,0,0
Calvert,MBR,2016,2,Mid,Garden,Reference,Garden Reference,0,0,6.033608569,0,92.84866041,1.117731021,0,0,0,0,0,0,0,0,0,Mid,0,0,0,0,0,10,10,80,0,0,0,0,0,0,0,0,0,0,0,0,0,0,0,0
Calvert,MBR,2016,3,Low,Garden,Reference,Garden Reference,0,0,1.535767752,0,85.52084414,6.092853707,0,0,0,0,0,6.850534399,0,0,0,Low,0,0,0,0,0,0,0,0,0,0,0,0,0,0,0,0,0,0,0,0,0,0,0,0
Calvert,MBR,2016,4,High,Garden,Reference,Garden Reference,0,0,1.103452899,0,98.63764041,0.057728906,0,0,0,0,0,0.201177783,0,0,0,High,0,0,0,0,0,0,0,0,0,0,0,0,0,0,0,0,0,0,0,0,0,0,0,0
Calvert,MBR,2016,5,Mid,Garden,Reference,Garden Reference,0,0,0.437496655,48.56910294,0,0.197696455,0,0,3.898507141,0,0,46.89719681,0,0,0,Mid,0,0,0,0,0,0,0,0,0,0,0,0,0,0,0,0,0,0,0,0,0,0,0,0
Calvert,MBR,2016,7,High,Garden,Reference,Garden Reference,0,0,0.257496164,0,99.74250384,0,0,0,0,0,0,0,0,0,0,High,0,0,0,0,0,0,0,0,0,0,0,0,0,0,0,0,0,0,0,0,0,0,0,0
Calvert,MBR,2016,8,Mid,Garden,Reference,Garden Reference,0,0,5.991248108,67.33567301,0,3.096029785,0,0,0,0,0,23.57704909,0,0,0,Mid,0,0,0,0,0,0,0,0,0,0,0,0,0,0,0,0,0,0,0,0,0,0,0,0
Calvert,MBR,2016,9,Low,Garden,Reference,Garden Reference,0,0,0,0,49.90512766,7.772143011,0,0,2.458626763,0,0,37.01892999,0,2.845172578,0,Low,0,0,0,0,0,0,0,0,0,0,0,0,0,0,0,0,0,0,0,0,0,0,0,0
Calvert,MBR,2016,10,High,Garden,Reference,Garden Reference,0,0,1.56693253,0,96.78524458,1.64782289,0,0,0,0,0,0,0,0,0,High,0,0,0,0,0,10,0,70,40,0,0,0,0,0,0,0,0,0,0,0,0,0,0,0
Calvert,MBR,2016,11,Mid,Garden,Reference,Garden Reference,0,0,0,0,99.68340146,0,0,0,0,0,0,0.31659854,0,0,0,Mid,0,0,0,0,0,0,0,0,0,0,0,0,0,0,0,0,0,0,0,0,0,0,0,0
Calvert,MBR,2016,13,High,Garden,Reference,Garden Reference,0,0,0,0,99.24943071,0.750569293,0,0,0,0,0,0,0,0,0,High,0,0,0,0,0,0,0,0,0,0,0,0,0,0,0,0,0,0,0,0,0,0,0,0
Calvert,MBR,2016,14,Mid,Garden,Reference,Garden Reference,0,0,0,98.5820037,0,0.848897349,0,0,0,0,0,0.569098955,0,0,0,Mid,0,0,0,0,0,0,0,0,0,0,0,0,0,0,0,0,0,0,0,0,0,0,0,0
Calvert,MBR,2016,15,Low,Garden,Reference,Garden Reference,0,0,0,0,85.49156241,3.132355484,0,0,0,0,0,11.3760821,0,0,0,Low,0,0,0,0,0,0,0,0,0,0,0,0,0,0,0,0,0,0,0,0,0,0,0,0
Calvert,Piles,2016,1,High,Garden,Reference,Garden Reference,0,0,0.877240871,0,98.79317963,0.329579495,0,0,0,0,0,0,0,0,0,High,0,0,0,0,0,0,0,0,0,0,0,0,0,0,0,0,0,0,0,0,0,0,0,0
Calvert,Piles,2016,2,Mid,Garden,Reference,Garden Reference,0,0,0.338289119,0,80.07880055,2.156167348,0,0,0,0,0,17.42674298,0,0,0,Mid,0,0,0,0,0,0,0,0,0,0,0,0,0,0,0,0,0,0,0,0,0,0,0,0
Calvert,Piles,2016,3,Low,Garden,Reference,Garden Reference,0,0,0,0,87.56137257,6.29975942,0,0,0,0,0,6.138868015,0,0,0,Low,0,0,0,20,0,0,0,130,0,0,0,0,0,0,0,0,0,0,0,0,0,0,0,0
Calvert,Piles,2016,4,High,Garden,Reference,Garden Reference,0,0,1.284751176,0,94.84880246,1.292922625,0,0,0.601974102,0,0,0,0,1.971549633,0,High,0,0,0,0,0,0,0,0,0,0,0,0,0,0,0,0,0,0,0,0,0,0,0,0
Calvert,Piles,2016,5,Mid,Garden,Reference,Garden Reference,0,0,2.101006207,89.12446519,0,4.417065392,0,0,0,0,0,4.357463216,0,2.266975672,0,Mid,0,0,0,0,0,0,0,0,0,0,0,0,0,0,0,0,0,0,0,0,0,0,0,0
Calvert,Piles,2016,6,Low,Garden,Reference,Garden Reference,0,0,1.235344036,0,62.17197485,13.83013803,0,0,0,0,0,22.76254308,0,0,0,Low,0,0,0,0,0,0,10,0,0,0,0,0,0,0,0,0,10,0,0,0,0,0,0,0
Calvert,Piles,2016,7,High,Garden,Reference,Garden Reference,0,0,1.578893283,0,92.21200323,3.134223409,0,0,0,0,0,3.074880082,0,0,0,High,0,0,0,0,0,0,0,0,0,0,0,0,0,0,0,0,0,0,0,0,0,0,0,0
Calvert,Piles,2016,8,Mid,Garden,Reference,Garden Reference,0,0,1.840471022,0,94.02691041,1.982219283,0,0,0,0,0,1.697916916,0,0.452482367,0,Mid,0,0,0,0,0,0,0,0,0,0,0,0,0,0,0,10,0,0,0,0,0,0,0,0
Calvert,Piles,2016,9,Low,Garden,Reference,Garden Reference,0,0,0.785288135,0,81.30047112,14.41505036,0,0,0,0,0,3.499190388,0,0,0,Low,0,0,0,0,0,0,0,0,0,0,0,0,0,0,0,0,0,0,0,0,0,0,0,0
Calvert,Piles,2016,10,High,Garden,Reference,Garden Reference,0,0,6.193192921,0,80.78128346,1.939815491,0,0,0,0,0,11.08570813,0,0,0,High,0,0,0,0,0,0,0,0,0,0,0,0,0,0,0,0,0,0,0,0,0,0,0,0
Calvert,Piles,2016,11,Mid,Garden,Reference,Garden Reference,0,0,0.782055342,95.29157332,0,1.648297945,0,0,0,0,0,2.278073389,0,0,0,Mid,0,0,0,0,0,0,0,0,0,0,0,0,0,0,0,0,0,0,0,0,0,0,0,0
Calvert,Piles,2016,12,Low,Garden,Reference,Garden Reference,0,0,1.298371705,0,83.94909296,9.3555856,0,0,0,0,0,5.396949736,0,0,0,Low,0,0,0,0,0,0,0,0,0,0,0,0,0,0,0,0,0,0,0,0,0,0,0,0
Calvert,Piles,2016,13,High,Garden,Reference,Garden Reference,0,0,3.671585031,89.51466296,0,4.839025154,0,0,0,0,0,1.974726856,0,0,0,High,0,0,0,0,0,0,0,0,0,0,0,0,0,0,0,0,0,0,0,0,0,0,0,0
Calvert,Piles,2016,14,Mid,Garden,Reference,Garden Reference,0,0,16.7248815,32.39491665,0,3.840741783,0,0,0,0,0,47.03946007,0,0,0,Mid,0,0,0,0,0,0,0,1130,0,0,0,0,0,0,30,0,0,0,0,0,0,0,0,0
Calvert,Piles,2016,15,Low,Garden,Reference,Garden Reference,0,0,1.171351191,81.19321237,0,13.75159839,0,0,0,0,0,3.883838055,0,0,0,Low,0,0,0,0,0,0,0,0,0,0,0,0,0,0,0,0,10,0,0,0,0,0,0,0
Quadra,KB08,2016,1,Mid,Garden,Reference,Garden Reference,0,0,2.687353955,0,71.47321532,25.83943072,0,0,0,0,0,0,0,0,0,Mid,0,0,0,0,0,0,0,0,0,0,0,0,0,0,0,0,0,0,0,0,0,0,0,0
Quadra,KB08,2016,2,Mid,Garden,Reference,Garden Reference,0,0,75.98403433,0,10.09244649,13.92351918,0,0,0,0,0,0,0,0,0,Mid,0,0,0,0,0,10,10,690,10,0,0,0,0,0,0,0,0,0,0,0,0,0,0,0
Quadra,KB08,2016,3,Mid,Garden,Reference,Garden Reference,0,0,89.86931694,0,3.476617195,6.654065864,0,0,0,0,0,0,0,0,0,Mid,0,0,0,0,0,10,0,730,0,0,0,0,0,0,0,0,0,0,0,0,0,0,0,0
Quadra,KB08,2016,4,Mid,Garden,Reference,Garden Reference,0,0,89.06857169,3.969906013,0,6.961522301,0,0,0,0,0,0,0,0,0,Mid,0,0,0,0,0,70,50,3150,10,0,0,0,0,0,0,0,0,0,0,0,0,0,0,50
Quadra,KB08,2016,5,Mid,Garden,Reference,Garden Reference,0,5.048109968,87.88317519,0,0,7.068714843,0,0,0,0,0,0,0,0,0,Mid,0,0,0,0,0,30,10,1990,0,0,0,0,0,0,0,0,0,0,0,0,0,0,0,0
Quadra,KB11REF,2016,1,Mid,Garden,Reference,Garden Reference,0,0,10.57954745,79.95962785,0,9.460824704,0,0,0,0,0,0,0,0,0,Mid,0,0,0,0,0,110,30,4290,30,0,0,0,0,0,10,0,0,0,0,0,0,0,0,10
Quadra,KB11REF,2016,2,Mid,Garden,Reference,Garden Reference,0,2.426139145,87.49533823,0,0,10.07852262,0,0,0,0,0,0,0,0,0,Mid,0,0,0,0,0,300,20,1970,0,0,0,0,0,0,0,0,0,0,0,0,0,0,0,20
Quadra,KB11REF,2016,3,Mid,Garden,Reference,Garden Reference,0,0,88.21893595,0,0,10.95783214,0,0,0,0,0,0.823231904,0,0,0,Mid,0,0,0,0,0,40,0,1260,10,0,0,0,0,0,0,0,0,0,10,0,0,0,0,0
Quadra,KB11REF,2016,4,Mid,Garden,Reference,Garden Reference,0,7.887455306,88.7028988,0,0,3.409645895,0,0,0,0,0,0,0,0,0,Mid,0,0,0,0,0,660,100,3650,20,0,0,0,0,0,0,0,0,0,0,0,0,0,0,10
Quadra,KB11REF,2016,5,Mid,Garden,Reference,Garden Reference,0,0,88.18670706,0,0,11.81329294,0,0,0,0,0,0,0,0,0,Mid,0,0,0,0,0,100,60,2960,0,0,0,0,0,0,0,0,0,0,0,0,0,0,0,10
Quadra,SWC,2016,1,Mid,Garden,Reference,Garden Reference,0,10.83843924,84.23129963,4.930261121,0,0,0,0,0,0,0,0,0,0,0,Mid,0,0,0,0,0,0,140,780,0,0,0,0,0,0,0,0,0,0,0,0,0,0,0,0
Quadra,SWC,2016,2,Mid,Garden,Reference,Garden Reference,0,0,98.85802569,0,0,1.141974311,0,0,0,0,0,0,0,0,0,Mid,0,0,0,0,0,90,120,1800,10,0,0,0,0,0,0,0,0,0,0,0,0,0,0,20
Quadra,SWC,2016,3,Mid,Garden,Reference,Garden Reference,0,8.655490339,80.9963753,0,8.726493126,1.621641236,0,0,0,0,0,0,0,0,0,Mid,0,0,0,0,0,200,40,1420,20,0,0,0,0,0,10,0,0,0,0,0,0,0,0,0
Quadra,SWC,2016,4,Mid,Garden,Reference,Garden Reference,0,0,16.42940257,80.50141799,0,3.069179437,0,0,0,0,0,0,0,0,0,Mid,0,0,0,0,0,30,140,230,10,0,0,0,0,0,0,0,0,0,0,0,0,0,0,0
Quadra,SWC,2016,5,Mid,Garden,Reference,Garden Reference,0,0,100,0,0,0,0,0,0,0,0,0,0,0,0,Mid,0,0,0,0,0,130,160,2190,10,0,0,0,0,0,10,0,0,0,0,0,0,0,0,60